Language,Query,Weight,Bucket,#1,#2,#3,#4,#5
he,מחשבה היא בחינת מזונות שמעתי ,1,שם מקור,https://archive.kbb1.com/he/sources/0mkq7ck1,,,,
he,אך טוב לישראל שמעתי ,1,שם מקור,https://archive.kbb1.com/he/sources/0XV5DAz5,,,,
he,זכו אחישנה שמעתי ,1,שם מקור,https://archive.kbb1.com/he/sources/0zNAuA0C,,,,
he,מדוע אומרים לחיים שמעתי ,1,שם מקור,https://archive.kbb1.com/he/sources/177BUIlc,,,,
he,כי חרפוני צוררי כל היום שמעתי ,1,שם מקור,https://archive.kbb1.com/he/sources/1Fx1eyuW,,,,
he,רשות הכל שמעתי ,1,שם מקור,https://archive.kbb1.com/he/sources/1Grgyqyp,,,,
he,לשמה זהו אתערותא דלעילא שמעתי ,1,שם מקור,https://archive.kbb1.com/he/sources/1onNjaw2,,,,
he,פן לקח מעץ החיים שמעתי ,1,שם מקור,https://archive.kbb1.com/he/sources/2DgydMsJ,,,,
he,אחיזה לחיצונים שמעתי ,1,שם מקור,https://archive.kbb1.com/he/sources/2hdqjOhH,,,,
he,רוחניות וגשמיות שמעתי ,1,שם מקור,https://archive.kbb1.com/he/sources/2jNsmxu8,,,,
he,המן מן התורה מנין שמעתי ,1,שם מקור,https://archive.kbb1.com/he/sources/328te3TV,,,,
he,"מהו, במסתרים תבכה נפשי, בעבודה שמעתי ",1,שם מקור,https://archive.kbb1.com/he/sources/3geW64zG,,,,
he,ענין עולם שנה נפש שמעתי ,1,שם מקור,https://archive.kbb1.com/he/sources/3Ljoqo9f,,,,
he,המחשבה היא תולדה מהרצון שמעתי ,1,שם מקור,https://archive.kbb1.com/he/sources/4GW5T0i5,,,,
he,כיסי המן שמעתי ,1,שם מקור,https://archive.kbb1.com/he/sources/4NuvpBwy,,,,
he,בחינת שכינתא בעפרא שמעתי ,1,שם מקור,https://archive.kbb1.com/he/sources/4sU63POC,,,,
he,ההוא תלמיד דלמד בחשאי שמעתי ,1,שם מקור,https://archive.kbb1.com/he/sources/4uYa8NZ8,,,,
he,המענג את השבת שמעתי ,1,שם מקור,https://archive.kbb1.com/he/sources/55LYqXPX,,,,
he,"ענין חלק שנותנין לס""א, כדי שיפרד מהקדושה שמעתי ",1,שם מקור,https://archive.kbb1.com/he/sources/5cZY5x2S,,,,
he,מקודם יהיה תיקון העולם שמעתי ,1,שם מקור,https://archive.kbb1.com/he/sources/5eMML0AF,,,,
he,עיקר היסוד שמעתי ,1,שם מקור,https://archive.kbb1.com/he/sources/5lTLSB7e,,,,
he,ענין שכינתא בגלותא שמעתי ,1,שם מקור,https://archive.kbb1.com/he/sources/5zOm2XGW,,,,
he,יין המשכר שמעתי ,1,שם מקור,https://archive.kbb1.com/he/sources/67UYG1Aq,,,,
he,ענין חג הפסח שמעתי ,1,שם מקור,https://archive.kbb1.com/he/sources/6gw77tds,,,,
he,"מהו הענין לשמח העניים ביום טוב, בעבודה שמעתי ",1,שם מקור,https://archive.kbb1.com/he/sources/72pUdWd6,,,,
he,ענין הסרת הערלה שמעתי ,1,שם מקור,https://archive.kbb1.com/he/sources/7MOmfqor,,,,
he,ענין ב המלאכים שמעתי ,1,שם מקור,https://archive.kbb1.com/he/sources/7QxvUnFf,,,,
he,"ענין דומם, צומח, חי, מדבר שמעתי ",1,שם מקור,https://archive.kbb1.com/he/sources/7rKlp6ua,,,,
he,ענין אמונה שמעתי ,1,שם מקור,https://archive.kbb1.com/he/sources/81IpTHcN,,,,
he,ענין מטה ונחש שמעתי ,1,שם מקור,https://archive.kbb1.com/he/sources/8jddbZDS,,,,
he,מוחא ולבא שמעתי ,1,שם מקור,https://archive.kbb1.com/he/sources/8lPKkxCe,,,,
he,ענין נגלה וענין נסתר שמעתי ,1,שם מקור,https://archive.kbb1.com/he/sources/8SjQLMI2,,,,
he,להכריע ביגיעה שמעתי ,1,שם מקור,https://archive.kbb1.com/he/sources/8uy1xBc2,,,,
he,"מהו, פרי עץ הדר, בעבודה שמעתי ",1,שם מקור,https://archive.kbb1.com/he/sources/8VrXchag,,,,
he,בזיעת אפיך תאכל לחם שמעתי ,1,שם מקור,https://archive.kbb1.com/he/sources/9IuOLWLz,,,,
he,"להבין ההפרש בין עיקר ועצמות, ותוספת שפע שמעתי ",1,שם מקור,https://archive.kbb1.com/he/sources/9OBAXhlB,,,,
he,ענין המניעות והעיכובים שמעתי ,1,שם מקור,https://archive.kbb1.com/he/sources/a74oxCyl,,,,
he,"ענין ""חזק"" שאומרים אחר סיום הסדרה שמעתי ",1,שם מקור,https://archive.kbb1.com/he/sources/Ahc3hYSM,,,,
he,לא אמות כי אחיה שמעתי ,1,שם מקור,https://archive.kbb1.com/he/sources/AlcJhnYS,,,,
he,כל שרוח הבריות נוח הימנו שמעתי ,1,שם מקור,https://archive.kbb1.com/he/sources/An4SjeQ8,,,,
he,כל העולמות שמעתי ,1,שם מקור,https://archive.kbb1.com/he/sources/aNhGvjiz,,,,
he,ענין העבודה של קבלה והשפעה שמעתי ,1,שם מקור,https://archive.kbb1.com/he/sources/apeOy2Tr,,,,
he,ולקחתם לכם פרי עץ הדר שמעתי ,1,שם מקור,https://archive.kbb1.com/he/sources/av4R4Ve6,,,,
he,והיה כי ירחק ממך שמעתי ,1,שם מקור,https://archive.kbb1.com/he/sources/B7euDRtR,,,,
he,רם ה ושפל יראה שמעתי ,1,שם מקור,https://archive.kbb1.com/he/sources/bLiRLMFR,,,,
he,הפוסק מדברי תורה ועוסק בדברי שיחה שמעתי ,1,שם מקור,https://archive.kbb1.com/he/sources/bQKmarXE,,,,
he,"מהו, ויגרש את האדם מגן עדן, מטעם שלא יקח מעץ החיים שמעתי ",1,שם מקור,https://archive.kbb1.com/he/sources/BuGLRvNX,,,,
he,ענין בדיקת הצל בליל הושענא רבה שמעתי ,1,שם מקור,https://archive.kbb1.com/he/sources/BUrnqFTr,,,,
he,ביאור לבקשת אלישע מאליהו שמעתי ,1,שם מקור,https://archive.kbb1.com/he/sources/buvvjKh2,,,,
he,ענין היגיעה שמעתי ,1,שם מקור,https://archive.kbb1.com/he/sources/bZVcZYjT,,,,
he,ביאור לבחינת מזלא שמעתי ,1,שם מקור,https://archive.kbb1.com/he/sources/bzwCjyqk,,,,
he,ההבדל בין אמונה להשכל שמעתי ,1,שם מקור,https://archive.kbb1.com/he/sources/C5ZC7xiW,,,,
he,מהו קטנות וגדלות באמונה שמעתי ,1,שם מקור,https://archive.kbb1.com/he/sources/C6PNfOkA,,,,
he,"זהר, אמור שמעתי ",1,שם מקור,https://archive.kbb1.com/he/sources/C92p0RKS,,,,
he,כשבאים הרהורים לאדם שמעתי ,1,שם מקור,https://archive.kbb1.com/he/sources/cBo1eIEb,,,,
he,"מהו, שראשי תיבות אלול ""אני לדודי ודודי לי"" מרמזת בעבודה שמעתי ",1,שם מקור,https://archive.kbb1.com/he/sources/cDko5YMK,,,,
he,"מהו פסולת גורן ויקב, בעבודה שמעתי ",1,שם מקור,https://archive.kbb1.com/he/sources/cGO0h5sW,,,,
he,ענין קבלה להשפיע שמעתי ,1,שם מקור,https://archive.kbb1.com/he/sources/ChELpgJB,,,,
he,יראת ה הוא אוצרו שמעתי ,1,שם מקור,https://archive.kbb1.com/he/sources/CjOoVMfG,,,,
he,שבת בראשית,1,שם מקור,https://archive.kbb1.com/he/sources/CqYrKzR2,,,,
he,"אם תעזבני יום, יומים אעזבך שמעתי ",1,שם מקור,https://archive.kbb1.com/he/sources/Csvhsilm,,,,
he,על כל קרבנך תקריב מלח שמעתי ,1,שם מקור,https://archive.kbb1.com/he/sources/cVnwhXZS,,,,
he,"ענין העלאת מ""ן שמעתי ",1,שם מקור,https://archive.kbb1.com/he/sources/CvtxED7l,,,,
he,"אמונת רבו, מהו השיעור שמעתי ",1,שם מקור,https://archive.kbb1.com/he/sources/czTv8O3p,,,,
he,שדה אשר ברכו ה שמעתי ,1,שם מקור,https://archive.kbb1.com/he/sources/d5b6LPDs,,,,
he,ענין ג קוין שמעתי ,1,שם מקור,https://archive.kbb1.com/he/sources/d9ZzhYwI,,,,
he,שליטת ישראל על הקליפות שמעתי ,1,שם מקור,https://archive.kbb1.com/he/sources/DBRyBIGo,,,,
he,סור מרע שמעתי ,1,שם מקור,https://archive.kbb1.com/he/sources/DNEFmmo6,,,,
he,מהו רם ה ושפל יראה שמעתי ,1,שם מקור,https://archive.kbb1.com/he/sources/e7VJ9nJs,,,,
he,טהרת הכלי קבלה שמעתי ,1,שם מקור,https://archive.kbb1.com/he/sources/EjIpuTVg,,,,
he,ישנו עם אחד שמעתי ,1,שם מקור,https://archive.kbb1.com/he/sources/ejs92F2y,,,,
he,במסתרים תבכה נפשי שמעתי ,1,שם מקור,https://archive.kbb1.com/he/sources/ENQy5Rdc,,,,
he,כי לא יראני האדם וחי שמעתי ,1,שם מקור,https://archive.kbb1.com/he/sources/eoGGCnLJ,,,,
he,מיד רשעים יצילם שמעתי ,1,שם מקור,https://archive.kbb1.com/he/sources/EUiMc0WV,,,,
he,תורה שבכתב ותורה שבעל פה,1,שם מקור,https://archive.kbb1.com/he/sources/f3HJApYj,,,,
he,בענין החיות דקדושה שמעתי ,1,שם מקור,https://archive.kbb1.com/he/sources/F63UqPv7,,,,
he,קראוהו בהיותו קרוב שמעתי ,1,שם מקור,https://archive.kbb1.com/he/sources/FaZdHvzA,,,,
he,"רוחניות נקרא, מה שלא יתבטל לעולם שמעתי ",1,שם מקור,https://archive.kbb1.com/he/sources/Ftl9v7iT,,,,
he,החילוק בין אגרות הראשונות לאגרות האחרונות שמעתי ,1,שם מקור,https://archive.kbb1.com/he/sources/fZlK2OH1,,,,
he,טעם שלא נוהגים לאכול אחד אצל השני בפסח שמעתי ,1,שם מקור,https://archive.kbb1.com/he/sources/gDJwrcQC,,,,
he,"שכר מצוה, מצוה שמעתי ",1,שם מקור,https://archive.kbb1.com/he/sources/gE6oshy2,,,,
he,מצוה הבאה בעבירה שמעתי ,1,שם מקור,https://archive.kbb1.com/he/sources/gFZZSmTY,,,,
he,כל העבודה היא רק במקום שיש ב דרכים,1,שם מקור,https://archive.kbb1.com/he/sources/GJSMibUd,,,,
he,בזהר בראשית שמעתי ,1,שם מקור,https://archive.kbb1.com/he/sources/GpKjDPjJ,,,,
he,נשמת אדם תלמדנו שמעתי ,1,שם מקור,https://archive.kbb1.com/he/sources/gPNDiV2G,,,,
he,ביאור על מזלא שמעתי ,1,שם מקור,https://archive.kbb1.com/he/sources/GuPSvLG2,,,,
he,טעם למה שקורין שבת תשובה שמעתי ,1,שם מקור,https://archive.kbb1.com/he/sources/H1bzRHvu,,,,
he,"עם הארץ, אימת שבת עליו שמעתי ",1,שם מקור,https://archive.kbb1.com/he/sources/H9D2moKn,,,,
he,"מהו, הבדל בין צל דקדושה לצל דס""א שמעתי ",1,שם מקור,https://archive.kbb1.com/he/sources/hdNwa3MW,,,,
he,אין עוד מלבדו שמעתי ,1,שם מקור,https://archive.kbb1.com/he/sources/hFeGidcS,,,,
he,הזדככות המסך שמעתי ,1,שם מקור,https://archive.kbb1.com/he/sources/hgiUBUTX,,,,
he,ויבן ערי מסכנות שמעתי ,1,שם מקור,https://archive.kbb1.com/he/sources/HhX01FJm,,,,
he,טעם הצנע במצות שמעתי ,1,שם מקור,https://archive.kbb1.com/he/sources/hjq3z1FI,,,,
he,הבדל מששת ימי המעשה לשבת שמעתי ,1,שם מקור,https://archive.kbb1.com/he/sources/HluhsVG8,,,,
he,יתרון ארץ בכל הוא שמעתי ,1,שם מקור,https://archive.kbb1.com/he/sources/HN4sUqKR,,,,
he,ענין כותל אחד משמש לשניהם שמעתי ,1,שם מקור,https://archive.kbb1.com/he/sources/hnBUEevl,,,,
he,משה ושלמה שמעתי ,1,שם מקור,https://archive.kbb1.com/he/sources/hnN3Dh1K,,,,
he,"אורייתא וקב""ה וישראל חד הוא שמעתי ",1,שם מקור,https://archive.kbb1.com/he/sources/hNvHwQkn,,,,
he,ענין רמון שמעתי ,1,שם מקור,https://archive.kbb1.com/he/sources/hrc0fZLf,,,,
he,ענין אחור באחור שמעתי ,1,שם מקור,https://archive.kbb1.com/he/sources/I9lmXFSw,,,,
he,עיקר לרצות רק להשפיע שמעתי ,1,שם מקור,https://archive.kbb1.com/he/sources/IKjYS3I4,,,,
he,ממזר תלמיד חכם קודם לכהן גדול עם הארץ שמעתי ,1,שם מקור,https://archive.kbb1.com/he/sources/IQDT5zRM,,,,
he,במקום שאתה מוצא גדלותו שמעתי ,1,שם מקור,https://archive.kbb1.com/he/sources/iQoFjhJ4,,,,
he,דרוש נא דורשיך בדרשם פניך שמעתי ,1,שם מקור,https://archive.kbb1.com/he/sources/ISMcdEeb,,,,
he,"טבריא דרז""ל, טובה ראיתך שמעתי ",1,שם מקור,https://archive.kbb1.com/he/sources/jKdw2a8j,,,,
he,אי אפשר להיות חלל ריק בעולם שמעתי ,1,שם מקור,https://archive.kbb1.com/he/sources/JLSdNwC2,,,,
he,"מהו, אלהים אחרים, בעבודה שמעתי ",1,שם מקור,https://archive.kbb1.com/he/sources/JMcmIr1P,,,,
he,"מהו יום ה וליל ה, בעבודה שמעתי ",1,שם מקור,https://archive.kbb1.com/he/sources/JpjAhvAQ,,,,
he,ידבנו לבו שמעתי ,1,שם מקור,https://archive.kbb1.com/he/sources/jRNM0kiY,,,,
he,ענין סנפיר וקשקשת שמעתי ,1,שם מקור,https://archive.kbb1.com/he/sources/k6vNo4hw,,,,
he,למאן דאמר מצוות אין צריכות כוונה שמעתי ,1,שם מקור,https://archive.kbb1.com/he/sources/K8L76zp4,,,,
he,כעומד בפני מלך שמעתי ,1,שם מקור,https://archive.kbb1.com/he/sources/Kn0se4td,,,,
he,אם פגע בך מנוול זה שמעתי ,1,שם מקור,https://archive.kbb1.com/he/sources/KnFUnp3u,,,,
he,ענין מתן תורה,1,שם מקור,https://archive.kbb1.com/he/sources/KOCRM1mS,,,,
he,תפילת שמונה עשרה שמעתי ,1,שם מקור,https://archive.kbb1.com/he/sources/KPVSYTK7,,,,
he,ענין מסירות נפש שמעתי ,1,שם מקור,https://archive.kbb1.com/he/sources/Kq35tLjM,,,,
he,מהו רוממות ה שמעתי ,1,שם מקור,https://archive.kbb1.com/he/sources/KVBSNnDA,,,,
he,תורה לשמה שמעתי ,1,שם מקור,https://archive.kbb1.com/he/sources/KxcMnarm,,,,
he,"מהו הרמז של י""ב חלות בשבת שמעתי ",1,שם מקור,https://archive.kbb1.com/he/sources/KZHWtyep,,,,
he,"מהו סיבת הכבידות, שהאדם מרגיש בבטול לה, בעבודה שמעתי ",1,שם מקור,https://archive.kbb1.com/he/sources/L6FUHzfm,,,,
he,נקיות הגוף שמעתי ,1,שם מקור,https://archive.kbb1.com/he/sources/L85OaIfl,,,,
he,ענין מחילה סליחה וכפרה שמעתי ,1,שם מקור,https://archive.kbb1.com/he/sources/LQpAHZAG,,,,
he,"זמרו לה, כי גאות עשה שמעתי ",1,שם מקור,https://archive.kbb1.com/he/sources/LRl1l6Fr,,,,
he,מה אהבתי תורתך שמעתי ,1,שם מקור,https://archive.kbb1.com/he/sources/lwkmSZGa,,,,
he,"מהו סמכין בתורה, בעבודה שמעתי ",1,שם מקור,https://archive.kbb1.com/he/sources/Lwu1K6tc,,,,
he,מסתכל בספר מחדש שמעתי ,1,שם מקור,https://archive.kbb1.com/he/sources/lzIeKies,,,,
he,מום יפה שבך שמעתי ,1,שם מקור,https://archive.kbb1.com/he/sources/M53Vu2o2,,,,
he,נודע בשערים שמעתי ,1,שם מקור,https://archive.kbb1.com/he/sources/MBvLrfSm,,,,
he,אורות דשבת שמעתי ,1,שם מקור,https://archive.kbb1.com/he/sources/mIXBB2s9,,,,
he,גאות אדם תשפלנו שמעתי ,1,שם מקור,https://archive.kbb1.com/he/sources/n2Mihfdf,,,,
he,מטרת העבודה,1,שם מקור,https://archive.kbb1.com/he/sources/n4KHSc3c,,,,
he,תורה שבכתב ותורה שבעל פה,1,שם מקור,https://archive.kbb1.com/he/sources/N505b8uM,,,,
he,רשע או צדיק לא קאמר שמעתי ,1,שם מקור,https://archive.kbb1.com/he/sources/NBba9GTc,,,,
he,ענין צדיק גמור שמעתי ,1,שם מקור,https://archive.kbb1.com/he/sources/nfrc5UUk,,,,
he,"בעת שתיית י""ש אחר ההבדלה שמעתי ",1,שם מקור,https://archive.kbb1.com/he/sources/nhqEB8h5,,,,
he,ענין אמת ואמונה שמעתי ,1,שם מקור,https://archive.kbb1.com/he/sources/NhxfSmLU,,,,
he,כל העבודה הוא רק במקום שיש ב דרכים,1,שם מקור,https://archive.kbb1.com/he/sources/nokxC20b,,,,
he,הבא לטהר שמעתי ,1,שם מקור,https://archive.kbb1.com/he/sources/NtpGN0xc,,,,
he,יגעת ולא מצאת אל תאמין שמעתי ,1,שם מקור,https://archive.kbb1.com/he/sources/nyEk9Wu8,,,,
he,חיבוק הימין וחיבוק השמאל שמעתי ,1,שם מקור,https://archive.kbb1.com/he/sources/nzJTZqYV,,,,
he,מאמר לפורים שמעתי ,1,שם מקור,https://archive.kbb1.com/he/sources/nzvEGISM,,,,
he,"אורייתא וקוב""ה חד הוא שמעתי ",1,שם מקור,https://archive.kbb1.com/he/sources/O5AD7oa9,,,,
he,"הבל, קול ודיבור שמעתי ",1,שם מקור,https://archive.kbb1.com/he/sources/O9z1hCRl,,,,
he,פירוש על זהר שמעתי ,1,שם מקור,https://archive.kbb1.com/he/sources/ocFpiso2,,,,
he,יקריב אותו לרצונו שמעתי ,1,שם מקור,https://archive.kbb1.com/he/sources/oD6vzC4X,,,,
he,אוהבי ה שנאו רע שמעתי ,1,שם מקור,https://archive.kbb1.com/he/sources/oGFs0t6h,,,,
he,למה צריכים להמשיך בחינת חכמה שמעתי ,1,שם מקור,https://archive.kbb1.com/he/sources/Oi5iT82l,,,,
he,התפילה שצריכין להתפלל תמיד שמעתי ,1,שם מקור,https://archive.kbb1.com/he/sources/opauHcDq,,,,
he,חכם בא לעיר שמעתי ,1,שם מקור,https://archive.kbb1.com/he/sources/OPndqRM0,,,,
he,ימין ושמאל שמעתי ,1,שם מקור,https://archive.kbb1.com/he/sources/OqzwS7hX,,,,
he,והמחבל הוי יתיב שמעתי ,1,שם מקור,https://archive.kbb1.com/he/sources/OuMzibSy,,,,
he,לא יהיה בכיסך אבן גדולה שמעתי ,1,שם מקור,https://archive.kbb1.com/he/sources/OyJ3OJRE,,,,
he,השלמת היגיעה שמעתי ,1,שם מקור,https://archive.kbb1.com/he/sources/oYO5BR38,,,,
he,אין עבירה מכבה מצווה שמעתי ,1,שם מקור,https://archive.kbb1.com/he/sources/paz3tF1U,,,,
he,לוו עלי ואני פורע שמעתי ,1,שם מקור,https://archive.kbb1.com/he/sources/piMNPL1j,,,,
he,טעם על מנהג שלא אוכלין אגוזים בראש השנה שמעתי ,1,שם מקור,https://archive.kbb1.com/he/sources/pkQ8orJv,,,,
he,"מהו, ברח דודי, בעבודה שמעתי ",1,שם מקור,https://archive.kbb1.com/he/sources/pp4XA8ne,,,,
he,"ענין גורלות, שהיה ביום כפורים, ואצל המן שמעתי ",1,שם מקור,https://archive.kbb1.com/he/sources/ppows6nq,,,,
he,"מהו, ג דברים שמרחיבים דעתו של אדם, בעבודה שמעתי ",1,שם מקור,https://archive.kbb1.com/he/sources/pTlets5W,,,,
he,יש הפרש בין גשמיות לרוחניות שמעתי ,1,שם מקור,https://archive.kbb1.com/he/sources/Pu6DpR9r,,,,
he,"ביאור להזמר ""למנצח על שושנים"" שמעתי ",1,שם מקור,https://archive.kbb1.com/he/sources/PW905OyJ,,,,
he,"יש בירור מר ומתוק, אמת ושקר שמעתי ",1,שם מקור,https://archive.kbb1.com/he/sources/Q0LefNOT,,,,
he,ספר סופר סיפור שמעתי ,1,שם מקור,https://archive.kbb1.com/he/sources/q6qVNKpW,,,,
he,ענין ג שותפין באדם שמעתי ,1,שם מקור,https://archive.kbb1.com/he/sources/q81nS7zb,,,,
he,וירא ישראל את מצרים שמעתי ,1,שם מקור,https://archive.kbb1.com/he/sources/qmQTeblv,,,,
he,ג תנאים בתפילה שמעתי ,1,שם מקור,https://archive.kbb1.com/he/sources/QnxFkVOq,,,,
he,ענין גילוי החסרון שמעתי ,1,שם מקור,https://archive.kbb1.com/he/sources/QpHrSYsP,,,,
he,עשה שבתך חול ואל תצטרך לבריות שמעתי ,1,שם מקור,https://archive.kbb1.com/he/sources/qS4HuQIM,,,,
he,ענין הסתר שמעתי ,1,שם מקור,https://archive.kbb1.com/he/sources/qxtEj1Ii,,,,
he,"השמחה היא בחינת ""מראה"" ממעשים טובים שמעתי ",1,שם מקור,https://archive.kbb1.com/he/sources/r5uZ7K0C,,,,
he,כי השוחד יעור עיני חכמים שמעתי ,1,שם מקור,https://archive.kbb1.com/he/sources/R96Onp9a,,,,
he,ענין אמונה ותענוג שמעתי ,1,שם מקור,https://archive.kbb1.com/he/sources/resVnuKb,,,,
he,בזמן שהאדם מרגיש את עצמו בבחינת עליה שמעתי ,1,שם מקור,https://archive.kbb1.com/he/sources/rFTvkF9Q,,,,
he,ענין גיטו וידו באין כאחד שמעתי ,1,שם מקור,https://archive.kbb1.com/he/sources/RGx0jQI1,,,,
he,לבוש - שק - שקר - שקד שמעתי,1,שם מקור,https://archive.kbb1.com/he/sources/rI6eLc0m,,,,
he,ויתפרו עלה תאנה שמעתי ,1,שם מקור,https://archive.kbb1.com/he/sources/rKYq43C2,,,,
he,שני מצבים שמעתי ,1,שם מקור,https://archive.kbb1.com/he/sources/RmNXT0Kp,,,,
he,ז שלמים שמעתי ,1,שם מקור,https://archive.kbb1.com/he/sources/RPJQltgy,,,,
he,ענין בני תמורה שמעתי ,1,שם מקור,https://archive.kbb1.com/he/sources/rpODNrgD,,,,
he,אם אין אני לי מי לי שמעתי ,1,שם מקור,https://archive.kbb1.com/he/sources/RS6B9xHs,,,,
he,עיקר המלחמה שמעתי ,1,שם מקור,https://archive.kbb1.com/he/sources/rvDFQFsP,,,,
he,ב בחינות בהשגה שמעתי ,1,שם מקור,https://archive.kbb1.com/he/sources/s0lcc226,,,,
he,ענין יסוד נוקבא ויסוד דדכורא שמעתי ,1,שם מקור,https://archive.kbb1.com/he/sources/S8jzH3Uq,,,,
he,בזיעת אפיך תאכל לחם,1,שם מקור,https://archive.kbb1.com/he/sources/sbIzSvPu,,,,
he,ביד חזקה ובחימה שפוכה שמעתי ,1,שם מקור,https://archive.kbb1.com/he/sources/sdt6n9yj,,,,
he,החילוק בין מוחין דשבועות לדשבת במנחה שמעתי ,1,שם מקור,https://archive.kbb1.com/he/sources/sn1W3PTR,,,,
he,מהו ג בחינות גופים באדם שמעתי ,1,שם מקור,https://archive.kbb1.com/he/sources/sqCAWyUT,,,,
he,ענין מה שאמרו בעלי זהר שמעתי ,1,שם מקור,https://archive.kbb1.com/he/sources/srUl7uF1,,,,
he,הבטחון הוא הלבוש להאור שמעתי ,1,שם מקור,https://archive.kbb1.com/he/sources/SUgA2j0W,,,,
he,להבין מה שמבואר בשולחן ערוך שמעתי ,1,שם מקור,https://archive.kbb1.com/he/sources/t4MJ36g8,,,,
he,ויהי בימים הרבים ההם שמעתי ,1,שם מקור,https://archive.kbb1.com/he/sources/TarnTofh,,,,
he,"מהו, שהקב""ה שונא את הגופים, בעבודה שמעתי ",1,שם מקור,https://archive.kbb1.com/he/sources/tk2qRJuw,,,,
he,מתוך שלא לשמה באים לשמה שמעתי ,1,שם מקור,https://archive.kbb1.com/he/sources/tLVuQ6Hh,,,,
he,"אצילות ובי""ע שמעתי ",1,שם מקור,https://archive.kbb1.com/he/sources/tqlsaaHO,,,,
he,ב מיני בשר שמעתי ,1,שם מקור,https://archive.kbb1.com/he/sources/tqSroCkI,,,,
he,"מהו, שהס""א נקראת, מלכותא בלי תגא שמעתי ",1,שם מקור,https://archive.kbb1.com/he/sources/tS8lJn2r,,,,
he,"בזהר, אמור שמעתי ",1,שם מקור,https://archive.kbb1.com/he/sources/u1BNoYRX,,,,
he,"ענין ו ימינית, ו שמאלית שמעתי ",1,שם מקור,https://archive.kbb1.com/he/sources/U1hvL47u,,,,
he,"בכדי להבין את דברי הזה""ק שמעתי ",1,שם מקור,https://archive.kbb1.com/he/sources/u4TdgN6t,,,,
he,ענין פסולת גורן ויקב שמעתי ,1,שם מקור,https://archive.kbb1.com/he/sources/u7CWhNpz,,,,
he,אני ישנה וליבי ער שמעתי ,1,שם מקור,https://archive.kbb1.com/he/sources/u841sfZX,,,,
he,ענין יראה ופחד שבא לפעמים להאדם שמעתי ,1,שם מקור,https://archive.kbb1.com/he/sources/udjDlN06,,,,
he,ענין לשמה שמעתי ,1,שם מקור,https://archive.kbb1.com/he/sources/UEikDufF,,,,
he,"ענין גילה ברעדה, בעבודה שמעתי ",1,שם מקור,https://archive.kbb1.com/he/sources/ufeCjuVV,,,,
he,שלשת המלאכים שמעתי ,1,שם מקור,https://archive.kbb1.com/he/sources/UKbi6hAy,,,,
he,החכמה בחוץ תרונה שמעתי ,1,שם מקור,https://archive.kbb1.com/he/sources/Ul5U2DhU,,,,
he,חירות שמעתי ,1,שם מקור,https://archive.kbb1.com/he/sources/Up40AuPP,,,,
he,ענין הגורלות שמעתי ,1,שם מקור,https://archive.kbb1.com/he/sources/UPyGUH53,,,,
he,להבין ענין ברכים אשר כרעו לבעל שמעתי ,1,שם מקור,https://archive.kbb1.com/he/sources/VMJzzr6o,,,,
he,"מהאי גלגלתא נטיף טלא לז""א שמעתי ",1,שם מקור,https://archive.kbb1.com/he/sources/voeMqIXC,,,,
he,ב בחינות בתורה ובעבודה שמעתי ,1,שם מקור,https://archive.kbb1.com/he/sources/VOYXPJcN,,,,
he,"מהו, ההרגל נעשה טבע שני, בעבודה שמעתי ",1,שם מקור,https://archive.kbb1.com/he/sources/vPfTRoUl,,,,
he,צלפחד היה מקושש עצים שמעתי ,1,שם מקור,https://archive.kbb1.com/he/sources/vQlJCvQG,,,,
he,עיקר הוא מוחא וליבא שמעתי ,1,שם מקור,https://archive.kbb1.com/he/sources/VxQwkWmA,,,,
he,עיקר עבודת האדם שמעתי ,1,שם מקור,https://archive.kbb1.com/he/sources/vZbqW4mZ,,,,
he,וסביביו נשערה מאד שמעתי ,1,שם מקור,https://archive.kbb1.com/he/sources/WAGG71GI,,,,
he,העתיד של האדם תלוי וקשור בהודאה על העבר שמעתי ,1,שם מקור,https://archive.kbb1.com/he/sources/wdKyLHUi,,,,
he,כל פעולה עושה רושם שמעתי ,1,שם מקור,https://archive.kbb1.com/he/sources/wew3rcLq,,,,
he,גורל הוא סוד אתערותא דלעילא שמעתי ,1,שם מקור,https://archive.kbb1.com/he/sources/wGBT8d17,,,,
he,קשר האדם אל הספירות שמעתי ,1,שם מקור,https://archive.kbb1.com/he/sources/WHhza84o,,,,
he,ענין תפילה שמעתי ,1,שם מקור,https://archive.kbb1.com/he/sources/Wln5Y29a,,,,
he,עניין מתן תורה,1,שם מקור,https://archive.kbb1.com/he/sources/Wn2mmIpk,,,,
he,לאחר הצמצום שמעתי ,1,שם מקור,https://archive.kbb1.com/he/sources/WQnQIHT5,,,,
he,נקי וצדיק אל תהרוג שמעתי ,1,שם מקור,https://archive.kbb1.com/he/sources/WQXaPzwD,,,,
he,ענין ההשגה הרוחנית שמעתי ,1,שם מקור,https://archive.kbb1.com/he/sources/WrEIEnv7,,,,
he,מנהגי ישראל שמעתי ,1,שם מקור,https://archive.kbb1.com/he/sources/wrx3kWbJ,,,,
he,להגביה את עצמו שמעתי ,1,שם מקור,https://archive.kbb1.com/he/sources/wUb2fOWP,,,,
he,אשרי איש שלא ישכחך ובן אדם יתאמץ בך שמעתי ,1,שם מקור,https://archive.kbb1.com/he/sources/wVDLjw8Z,,,,
he,ענין הגבלה שמעתי ,1,שם מקור,https://archive.kbb1.com/he/sources/X3vhrRJz,,,,
he,בחינת משיח שמעתי ,1,שם מקור,https://archive.kbb1.com/he/sources/xbEQtpbv,,,,
he,יורד ומסית עולה ומקטרג שמעתי ,1,שם מקור,https://archive.kbb1.com/he/sources/xGyY0WF1,,,,
he,ענין יסורים שמעתי ,1,שם מקור,https://archive.kbb1.com/he/sources/xJQWcmc3,,,,
he,המעשה פועל על המחשבה שמעתי ,1,שם מקור,https://archive.kbb1.com/he/sources/XjuvEsCA,,,,
he,מהו יהיב חכמתא לחכימין דוקא שמעתי ,1,שם מקור,https://archive.kbb1.com/he/sources/xpK9RH59,,,,
he,קודם יצירת הולד שמעתי ,1,שם מקור,https://archive.kbb1.com/he/sources/xQRH1fmu,,,,
he,מטרת העבודה,1,שם מקור,https://archive.kbb1.com/he/sources/xR8XABaM,,,,
he,לכל איש ישראל שמעתי ,1,שם מקור,https://archive.kbb1.com/he/sources/XzkCbPBH,,,,
he,זמן ירידה שמעתי ,1,שם מקור,https://archive.kbb1.com/he/sources/Y2kjYKfx,,,,
he,ושמרתם את נפשותיכם שמעתי ,1,שם מקור,https://archive.kbb1.com/he/sources/YlsVSfQd,,,,
he,תורה נקרא יורה שמעתי ,1,שם מקור,https://archive.kbb1.com/he/sources/Z4GqnV9R,,,,
he,דברים היוצאים מהלב שמעתי ,1,שם מקור,https://archive.kbb1.com/he/sources/zFvyyADm,,,,
he,היתה כאניות סוחר שמעתי ,1,שם מקור,https://archive.kbb1.com/he/sources/ZNNbdDP5,,,,
he,דגים קודמים לבשר שמעתי ,1,שם מקור,https://archive.kbb1.com/he/sources/ZOtU3iua,,,,
he,ענין כפרות שמעתי ,1,שם מקור,https://archive.kbb1.com/he/sources/zZOOI09z,,,,
he,שבת שקלים שמעתי ,1,שם מקור,https://archive.kbb1.com/he/sources/ZZwECbC2,,,,
he, שמעתי מחשבה היא בחינת מזונות,1,שם מקור,https://archive.kbb1.com/he/sources/0mkq7ck1,,,,
he, שמעתי אך טוב לישראל,1,שם מקור,https://archive.kbb1.com/he/sources/0XV5DAz5,,,,
he, שמעתי זכו אחישנה,1,שם מקור,https://archive.kbb1.com/he/sources/0zNAuA0C,,,,
he, שמעתי מדוע אומרים לחיים,1,שם מקור,https://archive.kbb1.com/he/sources/177BUIlc,,,,
he, שמעתי כי חרפוני צוררי כל היום,1,שם מקור,https://archive.kbb1.com/he/sources/1Fx1eyuW,,,,
he, שמעתי רשות הכל,1,שם מקור,https://archive.kbb1.com/he/sources/1Grgyqyp,,,,
he, שמעתי לשמה זהו אתערותא דלעילא,1,שם מקור,https://archive.kbb1.com/he/sources/1onNjaw2,,,,
he, שמעתי פן לקח מעץ החיים,1,שם מקור,https://archive.kbb1.com/he/sources/2DgydMsJ,,,,
he, שמעתי אחיזה לחיצונים,1,שם מקור,https://archive.kbb1.com/he/sources/2hdqjOhH,,,,
he, שמעתי רוחניות וגשמיות,1,שם מקור,https://archive.kbb1.com/he/sources/2jNsmxu8,,,,
he, שמעתי המן מן התורה מנין,1,שם מקור,https://archive.kbb1.com/he/sources/328te3TV,,,,
he," שמעתי מהו, במסתרים תבכה נפשי, בעבודה",1,שם מקור,https://archive.kbb1.com/he/sources/3geW64zG,,,,
he, שמעתי ענין עולם שנה נפש,1,שם מקור,https://archive.kbb1.com/he/sources/3Ljoqo9f,,,,
he, שמעתי המחשבה היא תולדה מהרצון,1,שם מקור,https://archive.kbb1.com/he/sources/4GW5T0i5,,,,
he, שמעתי כיסי המן,1,שם מקור,https://archive.kbb1.com/he/sources/4NuvpBwy,,,,
he, שמעתי בחינת שכינתא בעפרא,1,שם מקור,https://archive.kbb1.com/he/sources/4sU63POC,,,,
he, שמעתי ההוא תלמיד דלמד בחשאי,1,שם מקור,https://archive.kbb1.com/he/sources/4uYa8NZ8,,,,
he, שמעתי המענג את השבת,1,שם מקור,https://archive.kbb1.com/he/sources/55LYqXPX,,,,
he," שמעתי ענין חלק שנותנין לס""א, כדי שיפרד מהקדושה",1,שם מקור,https://archive.kbb1.com/he/sources/5cZY5x2S,,,,
he, שמעתי מקודם יהיה תיקון העולם,1,שם מקור,https://archive.kbb1.com/he/sources/5eMML0AF,,,,
he, שמעתי עיקר היסוד,1,שם מקור,https://archive.kbb1.com/he/sources/5lTLSB7e,,,,
he, שמעתי ענין שכינתא בגלותא,1,שם מקור,https://archive.kbb1.com/he/sources/5zOm2XGW,,,,
he, שמעתי יין המשכר,1,שם מקור,https://archive.kbb1.com/he/sources/67UYG1Aq,,,,
he, שמעתי ענין חג הפסח,1,שם מקור,https://archive.kbb1.com/he/sources/6gw77tds,,,,
he," שמעתי מהו הענין לשמח העניים ביום טוב, בעבודה",1,שם מקור,https://archive.kbb1.com/he/sources/72pUdWd6,,,,
he, שמעתי ענין הסרת הערלה,1,שם מקור,https://archive.kbb1.com/he/sources/7MOmfqor,,,,
he, שמעתי ענין ב המלאכים,1,שם מקור,https://archive.kbb1.com/he/sources/7QxvUnFf,,,,
he," שמעתי ענין דומם, צומח, חי, מדבר",1,שם מקור,https://archive.kbb1.com/he/sources/7rKlp6ua,,,,
he, שמעתי ענין אמונה,1,שם מקור,https://archive.kbb1.com/he/sources/81IpTHcN,,,,
he, שמעתי ענין מטה ונחש,1,שם מקור,https://archive.kbb1.com/he/sources/8jddbZDS,,,,
he, שמעתי מוחא ולבא,1,שם מקור,https://archive.kbb1.com/he/sources/8lPKkxCe,,,,
he, שמעתי ענין נגלה וענין נסתר,1,שם מקור,https://archive.kbb1.com/he/sources/8SjQLMI2,,,,
he, שמעתי להכריע ביגיעה,1,שם מקור,https://archive.kbb1.com/he/sources/8uy1xBc2,,,,
he," שמעתי מהו, פרי עץ הדר, בעבודה",1,שם מקור,https://archive.kbb1.com/he/sources/8VrXchag,,,,
he, שמעתי בזיעת אפיך תאכל לחם,1,שם מקור,https://archive.kbb1.com/he/sources/9IuOLWLz,,,,
he," שמעתי להבין ההפרש בין עיקר ועצמות, ותוספת שפע",1,שם מקור,https://archive.kbb1.com/he/sources/9OBAXhlB,,,,
he, שמעתי ענין המניעות והעיכובים,1,שם מקור,https://archive.kbb1.com/he/sources/a74oxCyl,,,,
he," שמעתי ענין ""חזק"" שאומרים אחר סיום הסדרה",1,שם מקור,https://archive.kbb1.com/he/sources/Ahc3hYSM,,,,
he, שמעתי לא אמות כי אחיה,1,שם מקור,https://archive.kbb1.com/he/sources/AlcJhnYS,,,,
he, שמעתי כל שרוח הבריות נוח הימנו,1,שם מקור,https://archive.kbb1.com/he/sources/An4SjeQ8,,,,
he, שמעתי כל העולמות,1,שם מקור,https://archive.kbb1.com/he/sources/aNhGvjiz,,,,
he, שמעתי ענין העבודה של קבלה והשפעה,1,שם מקור,https://archive.kbb1.com/he/sources/apeOy2Tr,,,,
he, שמעתי ולקחתם לכם פרי עץ הדר,1,שם מקור,https://archive.kbb1.com/he/sources/av4R4Ve6,,,,
he, שמעתי והיה כי ירחק ממך,1,שם מקור,https://archive.kbb1.com/he/sources/B7euDRtR,,,,
he, שמעתי רם ה ושפל יראה,1,שם מקור,https://archive.kbb1.com/he/sources/bLiRLMFR,,,,
he, שמעתי הפוסק מדברי תורה ועוסק בדברי שיחה,1,שם מקור,https://archive.kbb1.com/he/sources/bQKmarXE,,,,
he," שמעתי מהו, ויגרש את האדם מגן עדן, מטעם שלא יקח מעץ החיים",1,שם מקור,https://archive.kbb1.com/he/sources/BuGLRvNX,,,,
he, שמעתי ענין בדיקת הצל בליל הושענא רבה,1,שם מקור,https://archive.kbb1.com/he/sources/BUrnqFTr,,,,
he, שמעתי ביאור לבקשת אלישע מאליהו,1,שם מקור,https://archive.kbb1.com/he/sources/buvvjKh2,,,,
he, שמעתי ענין היגיעה,1,שם מקור,https://archive.kbb1.com/he/sources/bZVcZYjT,,,,
he, שמעתי ביאור לבחינת מזלא,1,שם מקור,https://archive.kbb1.com/he/sources/bzwCjyqk,,,,
he, שמעתי ההבדל בין אמונה להשכל,1,שם מקור,https://archive.kbb1.com/he/sources/C5ZC7xiW,,,,
he, שמעתי מהו קטנות וגדלות באמונה,1,שם מקור,https://archive.kbb1.com/he/sources/C6PNfOkA,,,,
he," שמעתי זהר, אמור",1,שם מקור,https://archive.kbb1.com/he/sources/C92p0RKS,,,,
he, שמעתי כשבאים הרהורים לאדם,1,שם מקור,https://archive.kbb1.com/he/sources/cBo1eIEb,,,,
he," שמעתי מהו, שראשי תיבות אלול ""אני לדודי ודודי לי"" מרמזת בעבודה",1,שם מקור,https://archive.kbb1.com/he/sources/cDko5YMK,,,,
he," שמעתי מהו פסולת גורן ויקב, בעבודה",1,שם מקור,https://archive.kbb1.com/he/sources/cGO0h5sW,,,,
he, שמעתי ענין קבלה להשפיע,1,שם מקור,https://archive.kbb1.com/he/sources/ChELpgJB,,,,
he, שמעתי יראת ה הוא אוצרו,1,שם מקור,https://archive.kbb1.com/he/sources/CjOoVMfG,,,,
he,שבת בראשית,1,שם מקור,https://archive.kbb1.com/he/sources/CqYrKzR2,,,,
he," שמעתי אם תעזבני יום, יומים אעזבך",1,שם מקור,https://archive.kbb1.com/he/sources/Csvhsilm,,,,
he, שמעתי על כל קרבנך תקריב מלח,1,שם מקור,https://archive.kbb1.com/he/sources/cVnwhXZS,,,,
he," שמעתי ענין העלאת מ""ן",1,שם מקור,https://archive.kbb1.com/he/sources/CvtxED7l,,,,
he," שמעתי אמונת רבו, מהו השיעור",1,שם מקור,https://archive.kbb1.com/he/sources/czTv8O3p,,,,
he, שמעתי שדה אשר ברכו ה,1,שם מקור,https://archive.kbb1.com/he/sources/d5b6LPDs,,,,
he, שמעתי ענין ג קוין,1,שם מקור,https://archive.kbb1.com/he/sources/d9ZzhYwI,,,,
he, שמעתי שליטת ישראל על הקליפות,1,שם מקור,https://archive.kbb1.com/he/sources/DBRyBIGo,,,,
he, שמעתי סור מרע,1,שם מקור,https://archive.kbb1.com/he/sources/DNEFmmo6,,,,
he, שמעתי מהו רם ה ושפל יראה,1,שם מקור,https://archive.kbb1.com/he/sources/e7VJ9nJs,,,,
he, שמעתי טהרת הכלי קבלה,1,שם מקור,https://archive.kbb1.com/he/sources/EjIpuTVg,,,,
he, שמעתי ישנו עם אחד,1,שם מקור,https://archive.kbb1.com/he/sources/ejs92F2y,,,,
he, שמעתי במסתרים תבכה נפשי,1,שם מקור,https://archive.kbb1.com/he/sources/ENQy5Rdc,,,,
he, שמעתי כי לא יראני האדם וחי,1,שם מקור,https://archive.kbb1.com/he/sources/eoGGCnLJ,,,,
he, שמעתי מיד רשעים יצילם,1,שם מקור,https://archive.kbb1.com/he/sources/EUiMc0WV,,,,
he,תורה שבכתב ותורה שבעל פה,1,שם מקור,https://archive.kbb1.com/he/sources/f3HJApYj,,,,
he, שמעתי בענין החיות דקדושה,1,שם מקור,https://archive.kbb1.com/he/sources/F63UqPv7,,,,
he, שמעתי קראוהו בהיותו קרוב,1,שם מקור,https://archive.kbb1.com/he/sources/FaZdHvzA,,,,
he," שמעתי רוחניות נקרא, מה שלא יתבטל לעולם",1,שם מקור,https://archive.kbb1.com/he/sources/Ftl9v7iT,,,,
he, שמעתי החילוק בין אגרות הראשונות לאגרות האחרונות,1,שם מקור,https://archive.kbb1.com/he/sources/fZlK2OH1,,,,
he, שמעתי טעם שלא נוהגים לאכול אחד אצל השני בפסח,1,שם מקור,https://archive.kbb1.com/he/sources/gDJwrcQC,,,,
he," שמעתי שכר מצוה, מצוה",1,שם מקור,https://archive.kbb1.com/he/sources/gE6oshy2,,,,
he, שמעתי מצוה הבאה בעבירה,1,שם מקור,https://archive.kbb1.com/he/sources/gFZZSmTY,,,,
he,כל העבודה היא רק במקום שיש ב דרכים,1,שם מקור,https://archive.kbb1.com/he/sources/GJSMibUd,,,,
he, שמעתי בזהר בראשית,1,שם מקור,https://archive.kbb1.com/he/sources/GpKjDPjJ,,,,
he, שמעתי נשמת אדם תלמדנו,1,שם מקור,https://archive.kbb1.com/he/sources/gPNDiV2G,,,,
he, שמעתי ביאור על מזלא,1,שם מקור,https://archive.kbb1.com/he/sources/GuPSvLG2,,,,
he, שמעתי טעם למה שקורין שבת תשובה,1,שם מקור,https://archive.kbb1.com/he/sources/H1bzRHvu,,,,
he," שמעתי עם הארץ, אימת שבת עליו",1,שם מקור,https://archive.kbb1.com/he/sources/H9D2moKn,,,,
he," שמעתי מהו, הבדל בין צל דקדושה לצל דס""א",1,שם מקור,https://archive.kbb1.com/he/sources/hdNwa3MW,,,,
he, שמעתי אין עוד מלבדו,1,שם מקור,https://archive.kbb1.com/he/sources/hFeGidcS,,,,
he, שמעתי הזדככות המסך,1,שם מקור,https://archive.kbb1.com/he/sources/hgiUBUTX,,,,
he, שמעתי ויבן ערי מסכנות,1,שם מקור,https://archive.kbb1.com/he/sources/HhX01FJm,,,,
he, שמעתי טעם הצנע במצות,1,שם מקור,https://archive.kbb1.com/he/sources/hjq3z1FI,,,,
he, שמעתי הבדל מששת ימי המעשה לשבת,1,שם מקור,https://archive.kbb1.com/he/sources/HluhsVG8,,,,
he, שמעתי יתרון ארץ בכל הוא,1,שם מקור,https://archive.kbb1.com/he/sources/HN4sUqKR,,,,
he, שמעתי ענין כותל אחד משמש לשניהם,1,שם מקור,https://archive.kbb1.com/he/sources/hnBUEevl,,,,
he, שמעתי משה ושלמה,1,שם מקור,https://archive.kbb1.com/he/sources/hnN3Dh1K,,,,
he," שמעתי אורייתא וקב""ה וישראל חד הוא",1,שם מקור,https://archive.kbb1.com/he/sources/hNvHwQkn,,,,
he, שמעתי ענין רמון,1,שם מקור,https://archive.kbb1.com/he/sources/hrc0fZLf,,,,
he, שמעתי ענין אחור באחור,1,שם מקור,https://archive.kbb1.com/he/sources/I9lmXFSw,,,,
he, שמעתי עיקר לרצות רק להשפיע,1,שם מקור,https://archive.kbb1.com/he/sources/IKjYS3I4,,,,
he, שמעתי ממזר תלמיד חכם קודם לכהן גדול עם הארץ,1,שם מקור,https://archive.kbb1.com/he/sources/IQDT5zRM,,,,
he, שמעתי במקום שאתה מוצא גדלותו,1,שם מקור,https://archive.kbb1.com/he/sources/iQoFjhJ4,,,,
he, שמעתי דרוש נא דורשיך בדרשם פניך,1,שם מקור,https://archive.kbb1.com/he/sources/ISMcdEeb,,,,
he," שמעתי טבריא דרז""ל, טובה ראיתך",1,שם מקור,https://archive.kbb1.com/he/sources/jKdw2a8j,,,,
he, שמעתי אי אפשר להיות חלל ריק בעולם,1,שם מקור,https://archive.kbb1.com/he/sources/JLSdNwC2,,,,
he," שמעתי מהו, אלהים אחרים, בעבודה",1,שם מקור,https://archive.kbb1.com/he/sources/JMcmIr1P,,,,
he," שמעתי מהו יום ה וליל ה, בעבודה",1,שם מקור,https://archive.kbb1.com/he/sources/JpjAhvAQ,,,,
he, שמעתי ידבנו לבו,1,שם מקור,https://archive.kbb1.com/he/sources/jRNM0kiY,,,,
he, שמעתי ענין סנפיר וקשקשת,1,שם מקור,https://archive.kbb1.com/he/sources/k6vNo4hw,,,,
he, שמעתי למאן דאמר מצוות אין צריכות כוונה,1,שם מקור,https://archive.kbb1.com/he/sources/K8L76zp4,,,,
he, שמעתי כעומד בפני מלך,1,שם מקור,https://archive.kbb1.com/he/sources/Kn0se4td,,,,
he, שמעתי אם פגע בך מנוול זה,1,שם מקור,https://archive.kbb1.com/he/sources/KnFUnp3u,,,,
he,ענין מתן תורה,1,שם מקור,https://archive.kbb1.com/he/sources/KOCRM1mS,,,,
he, שמעתי תפילת שמונה עשרה,1,שם מקור,https://archive.kbb1.com/he/sources/KPVSYTK7,,,,
he, שמעתי ענין מסירות נפש,1,שם מקור,https://archive.kbb1.com/he/sources/Kq35tLjM,,,,
he, שמעתי מהו רוממות ה,1,שם מקור,https://archive.kbb1.com/he/sources/KVBSNnDA,,,,
he, שמעתי תורה לשמה,1,שם מקור,https://archive.kbb1.com/he/sources/KxcMnarm,,,,
he," שמעתי מהו הרמז של י""ב חלות בשבת",1,שם מקור,https://archive.kbb1.com/he/sources/KZHWtyep,,,,
he," שמעתי מהו סיבת הכבידות, שהאדם מרגיש בבטול לה, בעבודה",1,שם מקור,https://archive.kbb1.com/he/sources/L6FUHzfm,,,,
he, שמעתי נקיות הגוף,1,שם מקור,https://archive.kbb1.com/he/sources/L85OaIfl,,,,
he, שמעתי ענין מחילה סליחה וכפרה,1,שם מקור,https://archive.kbb1.com/he/sources/LQpAHZAG,,,,
he," שמעתי זמרו לה, כי גאות עשה",1,שם מקור,https://archive.kbb1.com/he/sources/LRl1l6Fr,,,,
he, שמעתי מה אהבתי תורתך,1,שם מקור,https://archive.kbb1.com/he/sources/lwkmSZGa,,,,
he," שמעתי מהו סמכין בתורה, בעבודה",1,שם מקור,https://archive.kbb1.com/he/sources/Lwu1K6tc,,,,
he, שמעתי מסתכל בספר מחדש,1,שם מקור,https://archive.kbb1.com/he/sources/lzIeKies,,,,
he, שמעתי מום יפה שבך,1,שם מקור,https://archive.kbb1.com/he/sources/M53Vu2o2,,,,
he, שמעתי נודע בשערים,1,שם מקור,https://archive.kbb1.com/he/sources/MBvLrfSm,,,,
he, שמעתי אורות דשבת,1,שם מקור,https://archive.kbb1.com/he/sources/mIXBB2s9,,,,
he, שמעתי גאות אדם תשפלנו,1,שם מקור,https://archive.kbb1.com/he/sources/n2Mihfdf,,,,
he,מטרת העבודה,1,שם מקור,https://archive.kbb1.com/he/sources/n4KHSc3c,,,,
he,תורה שבכתב ותורה שבעל פה,1,שם מקור,https://archive.kbb1.com/he/sources/N505b8uM,,,,
he, שמעתי רשע או צדיק לא קאמר,1,שם מקור,https://archive.kbb1.com/he/sources/NBba9GTc,,,,
he, שמעתי ענין צדיק גמור,1,שם מקור,https://archive.kbb1.com/he/sources/nfrc5UUk,,,,
he," שמעתי בעת שתיית י""ש אחר ההבדלה",1,שם מקור,https://archive.kbb1.com/he/sources/nhqEB8h5,,,,
he, שמעתי ענין אמת ואמונה,1,שם מקור,https://archive.kbb1.com/he/sources/NhxfSmLU,,,,
he,כל העבודה הוא רק במקום שיש ב דרכים,1,שם מקור,https://archive.kbb1.com/he/sources/nokxC20b,,,,
he, שמעתי הבא לטהר,1,שם מקור,https://archive.kbb1.com/he/sources/NtpGN0xc,,,,
he, שמעתי יגעת ולא מצאת אל תאמין,1,שם מקור,https://archive.kbb1.com/he/sources/nyEk9Wu8,,,,
he, שמעתי חיבוק הימין וחיבוק השמאל,1,שם מקור,https://archive.kbb1.com/he/sources/nzJTZqYV,,,,
he, שמעתי מאמר לפורים,1,שם מקור,https://archive.kbb1.com/he/sources/nzvEGISM,,,,
he," שמעתי אורייתא וקוב""ה חד הוא",1,שם מקור,https://archive.kbb1.com/he/sources/O5AD7oa9,,,,
he," שמעתי הבל, קול ודיבור",1,שם מקור,https://archive.kbb1.com/he/sources/O9z1hCRl,,,,
he, שמעתי פירוש על זהר,1,שם מקור,https://archive.kbb1.com/he/sources/ocFpiso2,,,,
he, שמעתי יקריב אותו לרצונו,1,שם מקור,https://archive.kbb1.com/he/sources/oD6vzC4X,,,,
he, שמעתי אוהבי ה שנאו רע,1,שם מקור,https://archive.kbb1.com/he/sources/oGFs0t6h,,,,
he, שמעתי למה צריכים להמשיך בחינת חכמה,1,שם מקור,https://archive.kbb1.com/he/sources/Oi5iT82l,,,,
he, שמעתי התפילה שצריכין להתפלל תמיד,1,שם מקור,https://archive.kbb1.com/he/sources/opauHcDq,,,,
he, שמעתי חכם בא לעיר,1,שם מקור,https://archive.kbb1.com/he/sources/OPndqRM0,,,,
he, שמעתי ימין ושמאל,1,שם מקור,https://archive.kbb1.com/he/sources/OqzwS7hX,,,,
he, שמעתי והמחבל הוי יתיב,1,שם מקור,https://archive.kbb1.com/he/sources/OuMzibSy,,,,
he, שמעתי לא יהיה בכיסך אבן גדולה,1,שם מקור,https://archive.kbb1.com/he/sources/OyJ3OJRE,,,,
he, שמעתי השלמת היגיעה,1,שם מקור,https://archive.kbb1.com/he/sources/oYO5BR38,,,,
he, שמעתי אין עבירה מכבה מצווה,1,שם מקור,https://archive.kbb1.com/he/sources/paz3tF1U,,,,
he, שמעתי לוו עלי ואני פורע,1,שם מקור,https://archive.kbb1.com/he/sources/piMNPL1j,,,,
he, שמעתי טעם על מנהג שלא אוכלין אגוזים בראש השנה,1,שם מקור,https://archive.kbb1.com/he/sources/pkQ8orJv,,,,
he," שמעתי מהו, ברח דודי, בעבודה",1,שם מקור,https://archive.kbb1.com/he/sources/pp4XA8ne,,,,
he," שמעתי ענין גורלות, שהיה ביום כפורים, ואצל המן",1,שם מקור,https://archive.kbb1.com/he/sources/ppows6nq,,,,
he," שמעתי מהו, ג דברים שמרחיבים דעתו של אדם, בעבודה",1,שם מקור,https://archive.kbb1.com/he/sources/pTlets5W,,,,
he, שמעתי יש הפרש בין גשמיות לרוחניות,1,שם מקור,https://archive.kbb1.com/he/sources/Pu6DpR9r,,,,
he," שמעתי ביאור להזמר ""למנצח על שושנים""",1,שם מקור,https://archive.kbb1.com/he/sources/PW905OyJ,,,,
he," שמעתי יש בירור מר ומתוק, אמת ושקר",1,שם מקור,https://archive.kbb1.com/he/sources/Q0LefNOT,,,,
he, שמעתי ספר סופר סיפור,1,שם מקור,https://archive.kbb1.com/he/sources/q6qVNKpW,,,,
he, שמעתי ענין ג שותפין באדם,1,שם מקור,https://archive.kbb1.com/he/sources/q81nS7zb,,,,
he, שמעתי וירא ישראל את מצרים,1,שם מקור,https://archive.kbb1.com/he/sources/qmQTeblv,,,,
he, שמעתי ג תנאים בתפילה,1,שם מקור,https://archive.kbb1.com/he/sources/QnxFkVOq,,,,
he, שמעתי ענין גילוי החסרון,1,שם מקור,https://archive.kbb1.com/he/sources/QpHrSYsP,,,,
he, שמעתי עשה שבתך חול ואל תצטרך לבריות,1,שם מקור,https://archive.kbb1.com/he/sources/qS4HuQIM,,,,
he, שמעתי ענין הסתר,1,שם מקור,https://archive.kbb1.com/he/sources/qxtEj1Ii,,,,
he," שמעתי השמחה היא בחינת ""מראה"" ממעשים טובים",1,שם מקור,https://archive.kbb1.com/he/sources/r5uZ7K0C,,,,
he, שמעתי כי השוחד יעור עיני חכמים,1,שם מקור,https://archive.kbb1.com/he/sources/R96Onp9a,,,,
he, שמעתי ענין אמונה ותענוג,1,שם מקור,https://archive.kbb1.com/he/sources/resVnuKb,,,,
he, שמעתי בזמן שהאדם מרגיש את עצמו בבחינת עליה,1,שם מקור,https://archive.kbb1.com/he/sources/rFTvkF9Q,,,,
he, שמעתי ענין גיטו וידו באין כאחד,1,שם מקור,https://archive.kbb1.com/he/sources/RGx0jQI1,,,,
he,שמעתילבוש - שק - שקר - שקד,1,שם מקור,https://archive.kbb1.com/he/sources/rI6eLc0m,,,,
he, שמעתי ויתפרו עלה תאנה,1,שם מקור,https://archive.kbb1.com/he/sources/rKYq43C2,,,,
he, שמעתי שני מצבים,1,שם מקור,https://archive.kbb1.com/he/sources/RmNXT0Kp,,,,
he, שמעתי ז שלמים,1,שם מקור,https://archive.kbb1.com/he/sources/RPJQltgy,,,,
he, שמעתי ענין בני תמורה,1,שם מקור,https://archive.kbb1.com/he/sources/rpODNrgD,,,,
he, שמעתי אם אין אני לי מי לי,1,שם מקור,https://archive.kbb1.com/he/sources/RS6B9xHs,,,,
he, שמעתי עיקר המלחמה,1,שם מקור,https://archive.kbb1.com/he/sources/rvDFQFsP,,,,
he, שמעתי ב בחינות בהשגה,1,שם מקור,https://archive.kbb1.com/he/sources/s0lcc226,,,,
he, שמעתי ענין יסוד נוקבא ויסוד דדכורא,1,שם מקור,https://archive.kbb1.com/he/sources/S8jzH3Uq,,,,
he,בזיעת אפיך תאכל לחם,1,שם מקור,https://archive.kbb1.com/he/sources/sbIzSvPu,,,,
he, שמעתי ביד חזקה ובחימה שפוכה,1,שם מקור,https://archive.kbb1.com/he/sources/sdt6n9yj,,,,
he, שמעתי החילוק בין מוחין דשבועות לדשבת במנחה,1,שם מקור,https://archive.kbb1.com/he/sources/sn1W3PTR,,,,
he, שמעתי מהו ג בחינות גופים באדם,1,שם מקור,https://archive.kbb1.com/he/sources/sqCAWyUT,,,,
he, שמעתי ענין מה שאמרו בעלי זהר,1,שם מקור,https://archive.kbb1.com/he/sources/srUl7uF1,,,,
he, שמעתי הבטחון הוא הלבוש להאור,1,שם מקור,https://archive.kbb1.com/he/sources/SUgA2j0W,,,,
he, שמעתי להבין מה שמבואר בשולחן ערוך,1,שם מקור,https://archive.kbb1.com/he/sources/t4MJ36g8,,,,
he, שמעתי ויהי בימים הרבים ההם,1,שם מקור,https://archive.kbb1.com/he/sources/TarnTofh,,,,
he," שמעתי מהו, שהקב""ה שונא את הגופים, בעבודה",1,שם מקור,https://archive.kbb1.com/he/sources/tk2qRJuw,,,,
he, שמעתי מתוך שלא לשמה באים לשמה,1,שם מקור,https://archive.kbb1.com/he/sources/tLVuQ6Hh,,,,
he," שמעתי אצילות ובי""ע",1,שם מקור,https://archive.kbb1.com/he/sources/tqlsaaHO,,,,
he, שמעתי ב מיני בשר,1,שם מקור,https://archive.kbb1.com/he/sources/tqSroCkI,,,,
he," שמעתי מהו, שהס""א נקראת, מלכותא בלי תגא",1,שם מקור,https://archive.kbb1.com/he/sources/tS8lJn2r,,,,
he," שמעתי בזהר, אמור",1,שם מקור,https://archive.kbb1.com/he/sources/u1BNoYRX,,,,
he," שמעתי ענין ו ימינית, ו שמאלית",1,שם מקור,https://archive.kbb1.com/he/sources/U1hvL47u,,,,
he," שמעתי בכדי להבין את דברי הזה""ק",1,שם מקור,https://archive.kbb1.com/he/sources/u4TdgN6t,,,,
he, שמעתי ענין פסולת גורן ויקב,1,שם מקור,https://archive.kbb1.com/he/sources/u7CWhNpz,,,,
he, שמעתי אני ישנה וליבי ער,1,שם מקור,https://archive.kbb1.com/he/sources/u841sfZX,,,,
he, שמעתי ענין יראה ופחד שבא לפעמים להאדם,1,שם מקור,https://archive.kbb1.com/he/sources/udjDlN06,,,,
he, שמעתי ענין לשמה,1,שם מקור,https://archive.kbb1.com/he/sources/UEikDufF,,,,
he," שמעתי ענין גילה ברעדה, בעבודה",1,שם מקור,https://archive.kbb1.com/he/sources/ufeCjuVV,,,,
he, שמעתי שלשת המלאכים,1,שם מקור,https://archive.kbb1.com/he/sources/UKbi6hAy,,,,
he, שמעתי החכמה בחוץ תרונה,1,שם מקור,https://archive.kbb1.com/he/sources/Ul5U2DhU,,,,
he, שמעתי חירות,1,שם מקור,https://archive.kbb1.com/he/sources/Up40AuPP,,,,
he, שמעתי ענין הגורלות,1,שם מקור,https://archive.kbb1.com/he/sources/UPyGUH53,,,,
he, שמעתי להבין ענין ברכים אשר כרעו לבעל,1,שם מקור,https://archive.kbb1.com/he/sources/VMJzzr6o,,,,
he," שמעתי מהאי גלגלתא נטיף טלא לז""א",1,שם מקור,https://archive.kbb1.com/he/sources/voeMqIXC,,,,
he, שמעתי ב בחינות בתורה ובעבודה,1,שם מקור,https://archive.kbb1.com/he/sources/VOYXPJcN,,,,
he," שמעתי מהו, ההרגל נעשה טבע שני, בעבודה",1,שם מקור,https://archive.kbb1.com/he/sources/vPfTRoUl,,,,
he, שמעתי צלפחד היה מקושש עצים,1,שם מקור,https://archive.kbb1.com/he/sources/vQlJCvQG,,,,
he, שמעתי עיקר הוא מוחא וליבא,1,שם מקור,https://archive.kbb1.com/he/sources/VxQwkWmA,,,,
he, שמעתי עיקר עבודת האדם,1,שם מקור,https://archive.kbb1.com/he/sources/vZbqW4mZ,,,,
he, שמעתי וסביביו נשערה מאד,1,שם מקור,https://archive.kbb1.com/he/sources/WAGG71GI,,,,
he, שמעתי העתיד של האדם תלוי וקשור בהודאה על העבר,1,שם מקור,https://archive.kbb1.com/he/sources/wdKyLHUi,,,,
he, שמעתי כל פעולה עושה רושם,1,שם מקור,https://archive.kbb1.com/he/sources/wew3rcLq,,,,
he, שמעתי גורל הוא סוד אתערותא דלעילא,1,שם מקור,https://archive.kbb1.com/he/sources/wGBT8d17,,,,
he, שמעתי קשר האדם אל הספירות,1,שם מקור,https://archive.kbb1.com/he/sources/WHhza84o,,,,
he, שמעתי ענין תפילה,1,שם מקור,https://archive.kbb1.com/he/sources/Wln5Y29a,,,,
he,עניין מתן תורה,1,שם מקור,https://archive.kbb1.com/he/sources/Wn2mmIpk,,,,
he, שמעתי לאחר הצמצום,1,שם מקור,https://archive.kbb1.com/he/sources/WQnQIHT5,,,,
he, שמעתי נקי וצדיק אל תהרוג,1,שם מקור,https://archive.kbb1.com/he/sources/WQXaPzwD,,,,
he, שמעתי ענין ההשגה הרוחנית,1,שם מקור,https://archive.kbb1.com/he/sources/WrEIEnv7,,,,
he, שמעתי מנהגי ישראל,1,שם מקור,https://archive.kbb1.com/he/sources/wrx3kWbJ,,,,
he, שמעתי להגביה את עצמו,1,שם מקור,https://archive.kbb1.com/he/sources/wUb2fOWP,,,,
he, שמעתי אשרי איש שלא ישכחך ובן אדם יתאמץ בך,1,שם מקור,https://archive.kbb1.com/he/sources/wVDLjw8Z,,,,
he, שמעתי ענין הגבלה,1,שם מקור,https://archive.kbb1.com/he/sources/X3vhrRJz,,,,
he, שמעתי בחינת משיח,1,שם מקור,https://archive.kbb1.com/he/sources/xbEQtpbv,,,,
he, שמעתי יורד ומסית עולה ומקטרג,1,שם מקור,https://archive.kbb1.com/he/sources/xGyY0WF1,,,,
he, שמעתי ענין יסורים,1,שם מקור,https://archive.kbb1.com/he/sources/xJQWcmc3,,,,
he, שמעתי המעשה פועל על המחשבה,1,שם מקור,https://archive.kbb1.com/he/sources/XjuvEsCA,,,,
he, שמעתי מהו יהיב חכמתא לחכימין דוקא,1,שם מקור,https://archive.kbb1.com/he/sources/xpK9RH59,,,,
he, שמעתי קודם יצירת הולד,1,שם מקור,https://archive.kbb1.com/he/sources/xQRH1fmu,,,,
he,מטרת העבודה,1,שם מקור,https://archive.kbb1.com/he/sources/xR8XABaM,,,,
he, שמעתי לכל איש ישראל,1,שם מקור,https://archive.kbb1.com/he/sources/XzkCbPBH,,,,
he, שמעתי זמן ירידה,1,שם מקור,https://archive.kbb1.com/he/sources/Y2kjYKfx,,,,
he, שמעתי ושמרתם את נפשותיכם,1,שם מקור,https://archive.kbb1.com/he/sources/YlsVSfQd,,,,
he, שמעתי תורה נקרא יורה,1,שם מקור,https://archive.kbb1.com/he/sources/Z4GqnV9R,,,,
he, שמעתי דברים היוצאים מהלב,1,שם מקור,https://archive.kbb1.com/he/sources/zFvyyADm,,,,
he, שמעתי היתה כאניות סוחר,1,שם מקור,https://archive.kbb1.com/he/sources/ZNNbdDP5,,,,
he, שמעתי דגים קודמים לבשר,1,שם מקור,https://archive.kbb1.com/he/sources/ZOtU3iua,,,,
he, שמעתי ענין כפרות,1,שם מקור,https://archive.kbb1.com/he/sources/zZOOI09z,,,,
he, שמעתי שבת שקלים,1,שם מקור,https://archive.kbb1.com/he/sources/ZZwECbC2,,,,
he,מחשבה היא בחינת מזונות,1,שם מקור,https://archive.kbb1.com/he/sources/0mkq7ck1,,,,
he,אך טוב לישראל,1,שם מקור,https://archive.kbb1.com/he/sources/0XV5DAz5,,,,
he,זכו אחישנה,1,שם מקור,https://archive.kbb1.com/he/sources/0zNAuA0C,,,,
he,מדוע אומרים לחיים,1,שם מקור,https://archive.kbb1.com/he/sources/177BUIlc,,,,
he,כי חרפוני צוררי כל היום,1,שם מקור,https://archive.kbb1.com/he/sources/1Fx1eyuW,,,,
he,רשות הכל,1,שם מקור,https://archive.kbb1.com/he/sources/1Grgyqyp,,,,
he,לשמה זהו אתערותא דלעילא,1,שם מקור,https://archive.kbb1.com/he/sources/1onNjaw2,,,,
he,פן לקח מעץ החיים,1,שם מקור,https://archive.kbb1.com/he/sources/2DgydMsJ,,,,
he,אחיזה לחיצונים,1,שם מקור,https://archive.kbb1.com/he/sources/2hdqjOhH,,,,
he,רוחניות וגשמיות,1,שם מקור,https://archive.kbb1.com/he/sources/2jNsmxu8,,,,
he,המן מן התורה מנין,1,שם מקור,https://archive.kbb1.com/he/sources/328te3TV,,,,
he,"מהו, במסתרים תבכה נפשי, בעבודה",1,שם מקור,https://archive.kbb1.com/he/sources/3geW64zG,,,,
he,ענין עולם שנה נפש,1,שם מקור,https://archive.kbb1.com/he/sources/3Ljoqo9f,,,,
he,המחשבה היא תולדה מהרצון,1,שם מקור,https://archive.kbb1.com/he/sources/4GW5T0i5,,,,
he,כיסי המן,1,שם מקור,https://archive.kbb1.com/he/sources/4NuvpBwy,,,,
he,בחינת שכינתא בעפרא,1,שם מקור,https://archive.kbb1.com/he/sources/4sU63POC,,,,
he,ההוא תלמיד דלמד בחשאי,1,שם מקור,https://archive.kbb1.com/he/sources/4uYa8NZ8,,,,
he,המענג את השבת,1,שם מקור,https://archive.kbb1.com/he/sources/55LYqXPX,,,,
he,"ענין חלק שנותנין לס""א, כדי שיפרד מהקדושה",1,שם מקור,https://archive.kbb1.com/he/sources/5cZY5x2S,,,,
he,מקודם יהיה תיקון העולם,1,שם מקור,https://archive.kbb1.com/he/sources/5eMML0AF,,,,
he,עיקר היסוד,1,שם מקור,https://archive.kbb1.com/he/sources/5lTLSB7e,,,,
he,ענין שכינתא בגלותא,1,שם מקור,https://archive.kbb1.com/he/sources/5zOm2XGW,,,,
he,יין המשכר,1,שם מקור,https://archive.kbb1.com/he/sources/67UYG1Aq,,,,
he,ענין חג הפסח,1,שם מקור,https://archive.kbb1.com/he/sources/6gw77tds,,,,
he,"מהו הענין לשמח העניים ביום טוב, בעבודה",1,שם מקור,https://archive.kbb1.com/he/sources/72pUdWd6,,,,
he,ענין הסרת הערלה,1,שם מקור,https://archive.kbb1.com/he/sources/7MOmfqor,,,,
he,ענין ב המלאכים,1,שם מקור,https://archive.kbb1.com/he/sources/7QxvUnFf,,,,
he,"ענין דומם, צומח, חי, מדבר",1,שם מקור,https://archive.kbb1.com/he/sources/7rKlp6ua,,,,
he,ענין אמונה,1,שם מקור,https://archive.kbb1.com/he/sources/81IpTHcN,,,,
he,ענין מטה ונחש,1,שם מקור,https://archive.kbb1.com/he/sources/8jddbZDS,,,,
he,מוחא ולבא,1,שם מקור,https://archive.kbb1.com/he/sources/8lPKkxCe,,,,
he,ענין נגלה וענין נסתר,1,שם מקור,https://archive.kbb1.com/he/sources/8SjQLMI2,,,,
he,להכריע ביגיעה,1,שם מקור,https://archive.kbb1.com/he/sources/8uy1xBc2,,,,
he,"מהו, פרי עץ הדר, בעבודה",1,שם מקור,https://archive.kbb1.com/he/sources/8VrXchag,,,,
he,בזיעת אפיך תאכל לחם,1,שם מקור,https://archive.kbb1.com/he/sources/9IuOLWLz,,,,
he,"להבין ההפרש בין עיקר ועצמות, ותוספת שפע",1,שם מקור,https://archive.kbb1.com/he/sources/9OBAXhlB,,,,
he,ענין המניעות והעיכובים,1,שם מקור,https://archive.kbb1.com/he/sources/a74oxCyl,,,,
he,"ענין ""חזק"" שאומרים אחר סיום הסדרה",1,שם מקור,https://archive.kbb1.com/he/sources/Ahc3hYSM,,,,
he,לא אמות כי אחיה,1,שם מקור,https://archive.kbb1.com/he/sources/AlcJhnYS,,,,
he,כל שרוח הבריות נוח הימנו,1,שם מקור,https://archive.kbb1.com/he/sources/An4SjeQ8,,,,
he,כל העולמות,1,שם מקור,https://archive.kbb1.com/he/sources/aNhGvjiz,,,,
he,ענין העבודה של קבלה והשפעה,1,שם מקור,https://archive.kbb1.com/he/sources/apeOy2Tr,,,,
he,ולקחתם לכם פרי עץ הדר,1,שם מקור,https://archive.kbb1.com/he/sources/av4R4Ve6,,,,
he,והיה כי ירחק ממך,1,שם מקור,https://archive.kbb1.com/he/sources/B7euDRtR,,,,
he,רם ה ושפל יראה,1,שם מקור,https://archive.kbb1.com/he/sources/bLiRLMFR,,,,
he,הפוסק מדברי תורה ועוסק בדברי שיחה,1,שם מקור,https://archive.kbb1.com/he/sources/bQKmarXE,,,,
he,"מהו, ויגרש את האדם מגן עדן, מטעם שלא יקח מעץ החיים",1,שם מקור,https://archive.kbb1.com/he/sources/BuGLRvNX,,,,
he,ענין בדיקת הצל בליל הושענא רבה,1,שם מקור,https://archive.kbb1.com/he/sources/BUrnqFTr,,,,
he,ביאור לבקשת אלישע מאליהו,1,שם מקור,https://archive.kbb1.com/he/sources/buvvjKh2,,,,
he,ענין היגיעה,1,שם מקור,https://archive.kbb1.com/he/sources/bZVcZYjT,,,,
he,ביאור לבחינת מזלא,1,שם מקור,https://archive.kbb1.com/he/sources/bzwCjyqk,,,,
he,ההבדל בין אמונה להשכל,1,שם מקור,https://archive.kbb1.com/he/sources/C5ZC7xiW,,,,
he,מהו קטנות וגדלות באמונה,1,שם מקור,https://archive.kbb1.com/he/sources/C6PNfOkA,,,,
he,"זהר, אמור",1,שם מקור,https://archive.kbb1.com/he/sources/C92p0RKS,,,,
he,כשבאים הרהורים לאדם,1,שם מקור,https://archive.kbb1.com/he/sources/cBo1eIEb,,,,
he,"מהו, שראשי תיבות אלול ""אני לדודי ודודי לי"" מרמזת בעבודה",1,שם מקור,https://archive.kbb1.com/he/sources/cDko5YMK,,,,
he,"מהו פסולת גורן ויקב, בעבודה",1,שם מקור,https://archive.kbb1.com/he/sources/cGO0h5sW,,,,
he,ענין קבלה להשפיע,1,שם מקור,https://archive.kbb1.com/he/sources/ChELpgJB,,,,
he,יראת ה הוא אוצרו,1,שם מקור,https://archive.kbb1.com/he/sources/CjOoVMfG,,,,
he,שבת בראשית,1,שם מקור,https://archive.kbb1.com/he/sources/CqYrKzR2,,,,
he,"אם תעזבני יום, יומים אעזבך",1,שם מקור,https://archive.kbb1.com/he/sources/Csvhsilm,,,,
he,על כל קרבנך תקריב מלח,1,שם מקור,https://archive.kbb1.com/he/sources/cVnwhXZS,,,,
he,"ענין העלאת מ""ן",1,שם מקור,https://archive.kbb1.com/he/sources/CvtxED7l,,,,
he,"אמונת רבו, מהו השיעור",1,שם מקור,https://archive.kbb1.com/he/sources/czTv8O3p,,,,
he,שדה אשר ברכו ה,1,שם מקור,https://archive.kbb1.com/he/sources/d5b6LPDs,,,,
he,ענין ג קוין,1,שם מקור,https://archive.kbb1.com/he/sources/d9ZzhYwI,,,,
he,שליטת ישראל על הקליפות,1,שם מקור,https://archive.kbb1.com/he/sources/DBRyBIGo,,,,
he,סור מרע,1,שם מקור,https://archive.kbb1.com/he/sources/DNEFmmo6,,,,
he,מהו רם ה ושפל יראה,1,שם מקור,https://archive.kbb1.com/he/sources/e7VJ9nJs,,,,
he,טהרת הכלי קבלה,1,שם מקור,https://archive.kbb1.com/he/sources/EjIpuTVg,,,,
he,ישנו עם אחד,1,שם מקור,https://archive.kbb1.com/he/sources/ejs92F2y,,,,
he,במסתרים תבכה נפשי,1,שם מקור,https://archive.kbb1.com/he/sources/ENQy5Rdc,,,,
he,כי לא יראני האדם וחי,1,שם מקור,https://archive.kbb1.com/he/sources/eoGGCnLJ,,,,
he,מיד רשעים יצילם,1,שם מקור,https://archive.kbb1.com/he/sources/EUiMc0WV,,,,
he,תורה שבכתב ותורה שבעל פה,1,שם מקור,https://archive.kbb1.com/he/sources/f3HJApYj,,,,
he,בענין החיות דקדושה,1,שם מקור,https://archive.kbb1.com/he/sources/F63UqPv7,,,,
he,קראוהו בהיותו קרוב,1,שם מקור,https://archive.kbb1.com/he/sources/FaZdHvzA,,,,
he,"רוחניות נקרא, מה שלא יתבטל לעולם",1,שם מקור,https://archive.kbb1.com/he/sources/Ftl9v7iT,,,,
he,החילוק בין אגרות הראשונות לאגרות האחרונות,1,שם מקור,https://archive.kbb1.com/he/sources/fZlK2OH1,,,,
he,טעם שלא נוהגים לאכול אחד אצל השני בפסח,1,שם מקור,https://archive.kbb1.com/he/sources/gDJwrcQC,,,,
he,"שכר מצוה, מצוה",1,שם מקור,https://archive.kbb1.com/he/sources/gE6oshy2,,,,
he,מצוה הבאה בעבירה,1,שם מקור,https://archive.kbb1.com/he/sources/gFZZSmTY,,,,
he,כל העבודה היא רק במקום שיש ב דרכים,1,שם מקור,https://archive.kbb1.com/he/sources/GJSMibUd,,,,
he,בזהר בראשית,1,שם מקור,https://archive.kbb1.com/he/sources/GpKjDPjJ,,,,
he,נשמת אדם תלמדנו,1,שם מקור,https://archive.kbb1.com/he/sources/gPNDiV2G,,,,
he,ביאור על מזלא,1,שם מקור,https://archive.kbb1.com/he/sources/GuPSvLG2,,,,
he,טעם למה שקורין שבת תשובה,1,שם מקור,https://archive.kbb1.com/he/sources/H1bzRHvu,,,,
he,"עם הארץ, אימת שבת עליו",1,שם מקור,https://archive.kbb1.com/he/sources/H9D2moKn,,,,
he,"מהו, הבדל בין צל דקדושה לצל דס""א",1,שם מקור,https://archive.kbb1.com/he/sources/hdNwa3MW,,,,
he,אין עוד מלבדו,1,שם מקור,https://archive.kbb1.com/he/sources/hFeGidcS,,,,
he,הזדככות המסך,1,שם מקור,https://archive.kbb1.com/he/sources/hgiUBUTX,,,,
he,ויבן ערי מסכנות,1,שם מקור,https://archive.kbb1.com/he/sources/HhX01FJm,,,,
he,טעם הצנע במצות,1,שם מקור,https://archive.kbb1.com/he/sources/hjq3z1FI,,,,
he,הבדל מששת ימי המעשה לשבת,1,שם מקור,https://archive.kbb1.com/he/sources/HluhsVG8,,,,
he,יתרון ארץ בכל הוא,1,שם מקור,https://archive.kbb1.com/he/sources/HN4sUqKR,,,,
he,ענין כותל אחד משמש לשניהם,1,שם מקור,https://archive.kbb1.com/he/sources/hnBUEevl,,,,
he,משה ושלמה,1,שם מקור,https://archive.kbb1.com/he/sources/hnN3Dh1K,,,,
he,"אורייתא וקב""ה וישראל חד הוא",1,שם מקור,https://archive.kbb1.com/he/sources/hNvHwQkn,,,,
he,ענין רמון,1,שם מקור,https://archive.kbb1.com/he/sources/hrc0fZLf,,,,
he,ענין אחור באחור,1,שם מקור,https://archive.kbb1.com/he/sources/I9lmXFSw,,,,
he,עיקר לרצות רק להשפיע,1,שם מקור,https://archive.kbb1.com/he/sources/IKjYS3I4,,,,
he,ממזר תלמיד חכם קודם לכהן גדול עם הארץ,1,שם מקור,https://archive.kbb1.com/he/sources/IQDT5zRM,,,,
he,במקום שאתה מוצא גדלותו,1,שם מקור,https://archive.kbb1.com/he/sources/iQoFjhJ4,,,,
he,דרוש נא דורשיך בדרשם פניך,1,שם מקור,https://archive.kbb1.com/he/sources/ISMcdEeb,,,,
he,"טבריא דרז""ל, טובה ראיתך",1,שם מקור,https://archive.kbb1.com/he/sources/jKdw2a8j,,,,
he,אי אפשר להיות חלל ריק בעולם,1,שם מקור,https://archive.kbb1.com/he/sources/JLSdNwC2,,,,
he,"מהו, אלהים אחרים, בעבודה",1,שם מקור,https://archive.kbb1.com/he/sources/JMcmIr1P,,,,
he,"מהו יום ה וליל ה, בעבודה",1,שם מקור,https://archive.kbb1.com/he/sources/JpjAhvAQ,,,,
he,ידבנו לבו,1,שם מקור,https://archive.kbb1.com/he/sources/jRNM0kiY,,,,
he,ענין סנפיר וקשקשת,1,שם מקור,https://archive.kbb1.com/he/sources/k6vNo4hw,,,,
he,למאן דאמר מצוות אין צריכות כוונה,1,שם מקור,https://archive.kbb1.com/he/sources/K8L76zp4,,,,
he,כעומד בפני מלך,1,שם מקור,https://archive.kbb1.com/he/sources/Kn0se4td,,,,
he,אם פגע בך מנוול זה,1,שם מקור,https://archive.kbb1.com/he/sources/KnFUnp3u,,,,
he,ענין מתן תורה,1,שם מקור,https://archive.kbb1.com/he/sources/KOCRM1mS,,,,
he,תפילת שמונה עשרה,1,שם מקור,https://archive.kbb1.com/he/sources/KPVSYTK7,,,,
he,ענין מסירות נפש,1,שם מקור,https://archive.kbb1.com/he/sources/Kq35tLjM,,,,
he,מהו רוממות ה,1,שם מקור,https://archive.kbb1.com/he/sources/KVBSNnDA,,,,
he,תורה לשמה,1,שם מקור,https://archive.kbb1.com/he/sources/KxcMnarm,,,,
he,"מהו הרמז של י""ב חלות בשבת",1,שם מקור,https://archive.kbb1.com/he/sources/KZHWtyep,,,,
he,"מהו סיבת הכבידות, שהאדם מרגיש בבטול לה, בעבודה",1,שם מקור,https://archive.kbb1.com/he/sources/L6FUHzfm,,,,
he,נקיות הגוף,1,שם מקור,https://archive.kbb1.com/he/sources/L85OaIfl,,,,
he,ענין מחילה סליחה וכפרה,1,שם מקור,https://archive.kbb1.com/he/sources/LQpAHZAG,,,,
he,"זמרו לה, כי גאות עשה",1,שם מקור,https://archive.kbb1.com/he/sources/LRl1l6Fr,,,,
he,מה אהבתי תורתך,1,שם מקור,https://archive.kbb1.com/he/sources/lwkmSZGa,,,,
he,"מהו סמכין בתורה, בעבודה",1,שם מקור,https://archive.kbb1.com/he/sources/Lwu1K6tc,,,,
he,מסתכל בספר מחדש,1,שם מקור,https://archive.kbb1.com/he/sources/lzIeKies,,,,
he,מום יפה שבך,1,שם מקור,https://archive.kbb1.com/he/sources/M53Vu2o2,,,,
he,נודע בשערים,1,שם מקור,https://archive.kbb1.com/he/sources/MBvLrfSm,,,,
he,אורות דשבת,1,שם מקור,https://archive.kbb1.com/he/sources/mIXBB2s9,,,,
he,גאות אדם תשפלנו,1,שם מקור,https://archive.kbb1.com/he/sources/n2Mihfdf,,,,
he,מטרת העבודה,1,שם מקור,https://archive.kbb1.com/he/sources/n4KHSc3c,,,,
he,תורה שבכתב ותורה שבעל פה,1,שם מקור,https://archive.kbb1.com/he/sources/N505b8uM,,,,
he,רשע או צדיק לא קאמר,1,שם מקור,https://archive.kbb1.com/he/sources/NBba9GTc,,,,
he,ענין צדיק גמור,1,שם מקור,https://archive.kbb1.com/he/sources/nfrc5UUk,,,,
he,"בעת שתיית י""ש אחר ההבדלה",1,שם מקור,https://archive.kbb1.com/he/sources/nhqEB8h5,,,,
he,ענין אמת ואמונה,1,שם מקור,https://archive.kbb1.com/he/sources/NhxfSmLU,,,,
he,כל העבודה הוא רק במקום שיש ב דרכים,1,שם מקור,https://archive.kbb1.com/he/sources/nokxC20b,,,,
he,הבא לטהר,1,שם מקור,https://archive.kbb1.com/he/sources/NtpGN0xc,,,,
he,יגעת ולא מצאת אל תאמין,1,שם מקור,https://archive.kbb1.com/he/sources/nyEk9Wu8,,,,
he,חיבוק הימין וחיבוק השמאל,1,שם מקור,https://archive.kbb1.com/he/sources/nzJTZqYV,,,,
he,מאמר לפורים,1,שם מקור,https://archive.kbb1.com/he/sources/nzvEGISM,,,,
he,"אורייתא וקוב""ה חד הוא",1,שם מקור,https://archive.kbb1.com/he/sources/O5AD7oa9,,,,
he,"הבל, קול ודיבור",1,שם מקור,https://archive.kbb1.com/he/sources/O9z1hCRl,,,,
he,פירוש על זהר,1,שם מקור,https://archive.kbb1.com/he/sources/ocFpiso2,,,,
he,יקריב אותו לרצונו,1,שם מקור,https://archive.kbb1.com/he/sources/oD6vzC4X,,,,
he,אוהבי ה שנאו רע,1,שם מקור,https://archive.kbb1.com/he/sources/oGFs0t6h,,,,
he,למה צריכים להמשיך בחינת חכמה,1,שם מקור,https://archive.kbb1.com/he/sources/Oi5iT82l,,,,
he,התפילה שצריכין להתפלל תמיד,1,שם מקור,https://archive.kbb1.com/he/sources/opauHcDq,,,,
he,חכם בא לעיר,1,שם מקור,https://archive.kbb1.com/he/sources/OPndqRM0,,,,
he,ימין ושמאל,1,שם מקור,https://archive.kbb1.com/he/sources/OqzwS7hX,,,,
he,והמחבל הוי יתיב,1,שם מקור,https://archive.kbb1.com/he/sources/OuMzibSy,,,,
he,לא יהיה בכיסך אבן גדולה,1,שם מקור,https://archive.kbb1.com/he/sources/OyJ3OJRE,,,,
he,השלמת היגיעה,1,שם מקור,https://archive.kbb1.com/he/sources/oYO5BR38,,,,
he,אין עבירה מכבה מצווה,1,שם מקור,https://archive.kbb1.com/he/sources/paz3tF1U,,,,
he,לוו עלי ואני פורע,1,שם מקור,https://archive.kbb1.com/he/sources/piMNPL1j,,,,
he,טעם על מנהג שלא אוכלין אגוזים בראש השנה,1,שם מקור,https://archive.kbb1.com/he/sources/pkQ8orJv,,,,
he,"מהו, ברח דודי, בעבודה",1,שם מקור,https://archive.kbb1.com/he/sources/pp4XA8ne,,,,
he,"ענין גורלות, שהיה ביום כפורים, ואצל המן",1,שם מקור,https://archive.kbb1.com/he/sources/ppows6nq,,,,
he,"מהו, ג דברים שמרחיבים דעתו של אדם, בעבודה",1,שם מקור,https://archive.kbb1.com/he/sources/pTlets5W,,,,
he,יש הפרש בין גשמיות לרוחניות,1,שם מקור,https://archive.kbb1.com/he/sources/Pu6DpR9r,,,,
he,"ביאור להזמר ""למנצח על שושנים""",1,שם מקור,https://archive.kbb1.com/he/sources/PW905OyJ,,,,
he,"יש בירור מר ומתוק, אמת ושקר",1,שם מקור,https://archive.kbb1.com/he/sources/Q0LefNOT,,,,
he,ספר סופר סיפור,1,שם מקור,https://archive.kbb1.com/he/sources/q6qVNKpW,,,,
he,ענין ג שותפין באדם,1,שם מקור,https://archive.kbb1.com/he/sources/q81nS7zb,,,,
he,וירא ישראל את מצרים,1,שם מקור,https://archive.kbb1.com/he/sources/qmQTeblv,,,,
he,ג תנאים בתפילה,1,שם מקור,https://archive.kbb1.com/he/sources/QnxFkVOq,,,,
he,ענין גילוי החסרון,1,שם מקור,https://archive.kbb1.com/he/sources/QpHrSYsP,,,,
he,עשה שבתך חול ואל תצטרך לבריות,1,שם מקור,https://archive.kbb1.com/he/sources/qS4HuQIM,,,,
he,ענין הסתר,1,שם מקור,https://archive.kbb1.com/he/sources/qxtEj1Ii,,,,
he,"השמחה היא בחינת ""מראה"" ממעשים טובים",1,שם מקור,https://archive.kbb1.com/he/sources/r5uZ7K0C,,,,
he,כי השוחד יעור עיני חכמים,1,שם מקור,https://archive.kbb1.com/he/sources/R96Onp9a,,,,
he,ענין אמונה ותענוג,1,שם מקור,https://archive.kbb1.com/he/sources/resVnuKb,,,,
he,בזמן שהאדם מרגיש את עצמו בבחינת עליה,1,שם מקור,https://archive.kbb1.com/he/sources/rFTvkF9Q,,,,
he,ענין גיטו וידו באין כאחד,1,שם מקור,https://archive.kbb1.com/he/sources/RGx0jQI1,,,,
he,לבוש - שק - שקר - שקד,1,שם מקור,https://archive.kbb1.com/he/sources/rI6eLc0m,,,,
he,ויתפרו עלה תאנה,1,שם מקור,https://archive.kbb1.com/he/sources/rKYq43C2,,,,
he,שני מצבים,1,שם מקור,https://archive.kbb1.com/he/sources/RmNXT0Kp,,,,
he,ז שלמים,1,שם מקור,https://archive.kbb1.com/he/sources/RPJQltgy,,,,
he,ענין בני תמורה,1,שם מקור,https://archive.kbb1.com/he/sources/rpODNrgD,,,,
he,אם אין אני לי מי לי,1,שם מקור,https://archive.kbb1.com/he/sources/RS6B9xHs,,,,
he,עיקר המלחמה,1,שם מקור,https://archive.kbb1.com/he/sources/rvDFQFsP,,,,
he,ב בחינות בהשגה,1,שם מקור,https://archive.kbb1.com/he/sources/s0lcc226,,,,
he,ענין יסוד נוקבא ויסוד דדכורא,1,שם מקור,https://archive.kbb1.com/he/sources/S8jzH3Uq,,,,
he,בזיעת אפיך תאכל לחם,1,שם מקור,https://archive.kbb1.com/he/sources/sbIzSvPu,,,,
he,ביד חזקה ובחימה שפוכה,1,שם מקור,https://archive.kbb1.com/he/sources/sdt6n9yj,,,,
he,החילוק בין מוחין דשבועות לדשבת במנחה,1,שם מקור,https://archive.kbb1.com/he/sources/sn1W3PTR,,,,
he,מהו ג בחינות גופים באדם,1,שם מקור,https://archive.kbb1.com/he/sources/sqCAWyUT,,,,
he,ענין מה שאמרו בעלי זהר,1,שם מקור,https://archive.kbb1.com/he/sources/srUl7uF1,,,,
he,הבטחון הוא הלבוש להאור,1,שם מקור,https://archive.kbb1.com/he/sources/SUgA2j0W,,,,
he,להבין מה שמבואר בשולחן ערוך,1,שם מקור,https://archive.kbb1.com/he/sources/t4MJ36g8,,,,
he,ויהי בימים הרבים ההם,1,שם מקור,https://archive.kbb1.com/he/sources/TarnTofh,,,,
he,"מהו, שהקב""ה שונא את הגופים, בעבודה",1,שם מקור,https://archive.kbb1.com/he/sources/tk2qRJuw,,,,
he,מתוך שלא לשמה באים לשמה,1,שם מקור,https://archive.kbb1.com/he/sources/tLVuQ6Hh,,,,
he,"אצילות ובי""ע",1,שם מקור,https://archive.kbb1.com/he/sources/tqlsaaHO,,,,
he,ב מיני בשר,1,שם מקור,https://archive.kbb1.com/he/sources/tqSroCkI,,,,
he,"מהו, שהס""א נקראת, מלכותא בלי תגא",1,שם מקור,https://archive.kbb1.com/he/sources/tS8lJn2r,,,,
he,"בזהר, אמור",1,שם מקור,https://archive.kbb1.com/he/sources/u1BNoYRX,,,,
he,"ענין ו ימינית, ו שמאלית",1,שם מקור,https://archive.kbb1.com/he/sources/U1hvL47u,,,,
he,"בכדי להבין את דברי הזה""ק",1,שם מקור,https://archive.kbb1.com/he/sources/u4TdgN6t,,,,
he,ענין פסולת גורן ויקב,1,שם מקור,https://archive.kbb1.com/he/sources/u7CWhNpz,,,,
he,אני ישנה וליבי ער,1,שם מקור,https://archive.kbb1.com/he/sources/u841sfZX,,,,
he,ענין יראה ופחד שבא לפעמים להאדם,1,שם מקור,https://archive.kbb1.com/he/sources/udjDlN06,,,,
he,ענין לשמה,1,שם מקור,https://archive.kbb1.com/he/sources/UEikDufF,,,,
he,"ענין גילה ברעדה, בעבודה",1,שם מקור,https://archive.kbb1.com/he/sources/ufeCjuVV,,,,
he,שלשת המלאכים,1,שם מקור,https://archive.kbb1.com/he/sources/UKbi6hAy,,,,
he,החכמה בחוץ תרונה,1,שם מקור,https://archive.kbb1.com/he/sources/Ul5U2DhU,,,,
he,חירות,1,שם מקור,https://archive.kbb1.com/he/sources/Up40AuPP,,,,
he,ענין הגורלות,1,שם מקור,https://archive.kbb1.com/he/sources/UPyGUH53,,,,
he,להבין ענין ברכים אשר כרעו לבעל,1,שם מקור,https://archive.kbb1.com/he/sources/VMJzzr6o,,,,
he,"מהאי גלגלתא נטיף טלא לז""א",1,שם מקור,https://archive.kbb1.com/he/sources/voeMqIXC,,,,
he,ב בחינות בתורה ובעבודה,1,שם מקור,https://archive.kbb1.com/he/sources/VOYXPJcN,,,,
he,"מהו, ההרגל נעשה טבע שני, בעבודה",1,שם מקור,https://archive.kbb1.com/he/sources/vPfTRoUl,,,,
he,צלפחד היה מקושש עצים,1,שם מקור,https://archive.kbb1.com/he/sources/vQlJCvQG,,,,
he,עיקר הוא מוחא וליבא,1,שם מקור,https://archive.kbb1.com/he/sources/VxQwkWmA,,,,
he,עיקר עבודת האדם,1,שם מקור,https://archive.kbb1.com/he/sources/vZbqW4mZ,,,,
he,וסביביו נשערה מאד,1,שם מקור,https://archive.kbb1.com/he/sources/WAGG71GI,,,,
he,העתיד של האדם תלוי וקשור בהודאה על העבר,1,שם מקור,https://archive.kbb1.com/he/sources/wdKyLHUi,,,,
he,כל פעולה עושה רושם,1,שם מקור,https://archive.kbb1.com/he/sources/wew3rcLq,,,,
he,גורל הוא סוד אתערותא דלעילא,1,שם מקור,https://archive.kbb1.com/he/sources/wGBT8d17,,,,
he,קשר האדם אל הספירות,1,שם מקור,https://archive.kbb1.com/he/sources/WHhza84o,,,,
he,ענין תפילה,1,שם מקור,https://archive.kbb1.com/he/sources/Wln5Y29a,,,,
he,עניין מתן תורה,1,שם מקור,https://archive.kbb1.com/he/sources/Wn2mmIpk,,,,
he,לאחר הצמצום,1,שם מקור,https://archive.kbb1.com/he/sources/WQnQIHT5,,,,
he,נקי וצדיק אל תהרוג,1,שם מקור,https://archive.kbb1.com/he/sources/WQXaPzwD,,,,
he,ענין ההשגה הרוחנית,1,שם מקור,https://archive.kbb1.com/he/sources/WrEIEnv7,,,,
he,מנהגי ישראל,1,שם מקור,https://archive.kbb1.com/he/sources/wrx3kWbJ,,,,
he,להגביה את עצמו,1,שם מקור,https://archive.kbb1.com/he/sources/wUb2fOWP,,,,
he,אשרי איש שלא ישכחך ובן אדם יתאמץ בך,1,שם מקור,https://archive.kbb1.com/he/sources/wVDLjw8Z,,,,
he,ענין הגבלה,1,שם מקור,https://archive.kbb1.com/he/sources/X3vhrRJz,,,,
he,בחינת משיח,1,שם מקור,https://archive.kbb1.com/he/sources/xbEQtpbv,,,,
he,יורד ומסית עולה ומקטרג,1,שם מקור,https://archive.kbb1.com/he/sources/xGyY0WF1,,,,
he,ענין יסורים,1,שם מקור,https://archive.kbb1.com/he/sources/xJQWcmc3,,,,
he,המעשה פועל על המחשבה,1,שם מקור,https://archive.kbb1.com/he/sources/XjuvEsCA,,,,
he,מהו יהיב חכמתא לחכימין דוקא,1,שם מקור,https://archive.kbb1.com/he/sources/xpK9RH59,,,,
he,קודם יצירת הולד,1,שם מקור,https://archive.kbb1.com/he/sources/xQRH1fmu,,,,
he,מטרת העבודה,1,שם מקור,https://archive.kbb1.com/he/sources/xR8XABaM,,,,
he,לכל איש ישראל,1,שם מקור,https://archive.kbb1.com/he/sources/XzkCbPBH,,,,
he,זמן ירידה,1,שם מקור,https://archive.kbb1.com/he/sources/Y2kjYKfx,,,,
he,ושמרתם את נפשותיכם,1,שם מקור,https://archive.kbb1.com/he/sources/YlsVSfQd,,,,
he,תורה נקרא יורה,1,שם מקור,https://archive.kbb1.com/he/sources/Z4GqnV9R,,,,
he,דברים היוצאים מהלב,1,שם מקור,https://archive.kbb1.com/he/sources/zFvyyADm,,,,
he,היתה כאניות סוחר,1,שם מקור,https://archive.kbb1.com/he/sources/ZNNbdDP5,,,,
he,דגים קודמים לבשר,1,שם מקור,https://archive.kbb1.com/he/sources/ZOtU3iua,,,,
he,ענין כפרות,1,שם מקור,https://archive.kbb1.com/he/sources/zZOOI09z,,,,
he,שבת שקלים,1,שם מקור,https://archive.kbb1.com/he/sources/ZZwECbC2,,,,
he,"אגרת כ""א בעל הסולם ",1,שם מקור,https://archive.kbb1.com/he/sources/08jxPWT0,,,,
he,"אגרת נ""ז בעל הסולם ",1,שם מקור,https://archive.kbb1.com/he/sources/0KJCqCgi,,,,
he,אגרת ס בעל הסולם ,1,שם מקור,https://archive.kbb1.com/he/sources/0QygF8Ib,,,,
he,"אגרת נ""ה בעל הסולם ",1,שם מקור,https://archive.kbb1.com/he/sources/0syWpVDi,,,,
he,"אגרת י""ד בעל הסולם ",1,שם מקור,https://archive.kbb1.com/he/sources/2iMwTqVt,,,,
he,אגרת ז בעל הסולם ,1,שם מקור,https://archive.kbb1.com/he/sources/2P1zf2Ck,,,,
he,"אגרת י""ז בעל הסולם ",1,שם מקור,https://archive.kbb1.com/he/sources/6Hy5vJ1F,,,,
he,"אגרת ל""ז בעל הסולם ",1,שם מקור,https://archive.kbb1.com/he/sources/6LRiFl7D,,,,
he,אגרת א בעל הסולם ,1,שם מקור,https://archive.kbb1.com/he/sources/9ZIJ9CkI,,,,
he,אגרת ג בעל הסולם ,1,שם מקור,https://archive.kbb1.com/he/sources/bbdFZ9R4,,,,
he,"אגרת ל""ו בעל הסולם ",1,שם מקור,https://archive.kbb1.com/he/sources/bycLz1Rw,,,,
he,אגרת ה בעל הסולם ,1,שם מקור,https://archive.kbb1.com/he/sources/c0KVcE5u,,,,
he,אגרת י בעל הסולם ,1,שם מקור,https://archive.kbb1.com/he/sources/cGP0L5XL,,,,
he,"אגרת י""ב בעל הסולם ",1,שם מקור,https://archive.kbb1.com/he/sources/CIsD1Gie,,,,
he,"אגרת ל""ב בעל הסולם ",1,שם מקור,https://archive.kbb1.com/he/sources/coFOcACU,,,,
he,"אגרת ט""ו בעל הסולם ",1,שם מקור,https://archive.kbb1.com/he/sources/dh6LQ9vz,,,,
he,"אגרת נ""ח בעל הסולם ",1,שם מקור,https://archive.kbb1.com/he/sources/Dpk3cmId,,,,
he,"אגרת י""ט בעל הסולם ",1,שם מקור,https://archive.kbb1.com/he/sources/e54hQd2m,,,,
he,"אגרת מ""ח בעל הסולם ",1,שם מקור,https://archive.kbb1.com/he/sources/EBH9O7Bk,,,,
he,"אגרת מ""ה בעל הסולם ",1,שם מקור,https://archive.kbb1.com/he/sources/emi7jolp,,,,
he,"אגרת נ""ג בעל הסולם ",1,שם מקור,https://archive.kbb1.com/he/sources/Ew63ydqt,,,,
he,"אגרת כ""ז בעל הסולם ",1,שם מקור,https://archive.kbb1.com/he/sources/EZcQ8Tvj,,,,
he,"אגרת י""א בעל הסולם ",1,שם מקור,https://archive.kbb1.com/he/sources/F6PcxQLc,,,,
he,"אגרת מ""ט בעל הסולם ",1,שם מקור,https://archive.kbb1.com/he/sources/GW2ZAf5C,,,,
he,"אגרת נ""ו בעל הסולם ",1,שם מקור,https://archive.kbb1.com/he/sources/H6dVORc5,,,,
he,"אגרת נ""א בעל הסולם ",1,שם מקור,https://archive.kbb1.com/he/sources/hcBy8i3l,,,,
he,"אגרת י""ג בעל הסולם ",1,שם מקור,https://archive.kbb1.com/he/sources/hJYWFwxg,,,,
he,אגרת כ בעל הסולם ,1,שם מקור,https://archive.kbb1.com/he/sources/HPW3RLFz,,,,
he,"אגרת ל""ה בעל הסולם ",1,שם מקור,https://archive.kbb1.com/he/sources/hYFEdxM0,,,,
he,אגרת נ בעל הסולם ,1,שם מקור,https://archive.kbb1.com/he/sources/ib0w1sqv,,,,
he,"אגרת כ""ה בעל הסולם ",1,שם מקור,https://archive.kbb1.com/he/sources/IDEq95Pt,,,,
he,אגרת ח בעל הסולם ,1,שם מקור,https://archive.kbb1.com/he/sources/J0AhqRzu,,,,
he,אגרת ט בעל הסולם ,1,שם מקור,https://archive.kbb1.com/he/sources/jbyb9WrB,,,,
he,"אגרת כ""ט בעל הסולם ",1,שם מקור,https://archive.kbb1.com/he/sources/knjuDP7C,,,,
he,"אגרת מ""ב בעל הסולם ",1,שם מקור,https://archive.kbb1.com/he/sources/KSOhDjL5,,,,
he,"אגרת כ""ח בעל הסולם ",1,שם מקור,https://archive.kbb1.com/he/sources/KVXLWcMR,,,,
he,"אגרת כ""ד בעל הסולם ",1,שם מקור,https://archive.kbb1.com/he/sources/kzheQZeE,,,,
he,"אגרת מ""ו בעל הסולם ",1,שם מקור,https://archive.kbb1.com/he/sources/L6Cj1vk1,,,,
he,"אגרת ל""ד בעל הסולם ",1,שם מקור,https://archive.kbb1.com/he/sources/lchRFEiU,,,,
he,אגרת מ בעל הסולם ,1,שם מקור,https://archive.kbb1.com/he/sources/Ldgel5zV,,,,
he,"אגרת ל""א בעל הסולם ",1,שם מקור,https://archive.kbb1.com/he/sources/lkxUNAGw,,,,
he,"אגרת ל""ג בעל הסולם ",1,שם מקור,https://archive.kbb1.com/he/sources/lMdfAIaG,,,,
he,"אגרת מ""ד בעל הסולם ",1,שם מקור,https://archive.kbb1.com/he/sources/MBZFn0AR,,,,
he,אגרת ב בעל הסולם ,1,שם מקור,https://archive.kbb1.com/he/sources/MRHGjSxc,,,,
he,"אגרת נ""ד בעל הסולם ",1,שם מקור,https://archive.kbb1.com/he/sources/nzHnNGkx,,,,
he,"אגרת מ""ז בעל הסולם ",1,שם מקור,https://archive.kbb1.com/he/sources/o4BjSAcN,,,,
he,"אגרת ל""ח בעל הסולם ",1,שם מקור,https://archive.kbb1.com/he/sources/ocV7prBK,,,,
he,"אגרת ט""ז בעל הסולם ",1,שם מקור,https://archive.kbb1.com/he/sources/OHNHBjqH,,,,
he,"אגרת כ""ג בעל הסולם ",1,שם מקור,https://archive.kbb1.com/he/sources/Ok9Xgqdf,,,,
he,"אגרת נ""ט בעל הסולם ",1,שם מקור,https://archive.kbb1.com/he/sources/oMq3uU8L,,,,
he,"אגרת י""ח בעל הסולם ",1,שם מקור,https://archive.kbb1.com/he/sources/oOka5YDu,,,,
he,"אגרת נ""ב בעל הסולם ",1,שם מקור,https://archive.kbb1.com/he/sources/po2GCQfE,,,,
he,אגרת ל בעל הסולם ,1,שם מקור,https://archive.kbb1.com/he/sources/ptyFffh4,,,,
he,אגרת ו בעל הסולם ,1,שם מקור,https://archive.kbb1.com/he/sources/rJai9D7X,,,,
he,"אגרת מ""ג בעל הסולם ",1,שם מקור,https://archive.kbb1.com/he/sources/u0Exuxtx,,,,
he,"אגרת כ""ב בעל הסולם ",1,שם מקור,https://archive.kbb1.com/he/sources/uos3c9uD,,,,
he,"אגרת כ""ו בעל הסולם ",1,שם מקור,https://archive.kbb1.com/he/sources/XVEo4wcj,,,,
he,"אגרת ל""ט בעל הסולם ",1,שם מקור,https://archive.kbb1.com/he/sources/YsBDndDL,,,,
he,אגרת ד בעל הסולם ,1,שם מקור,https://archive.kbb1.com/he/sources/Z1cEqLUt,,,,
he,"אגרת מ""א בעל הסולם ",1,שם מקור,https://archive.kbb1.com/he/sources/ZLCc4nyD,,,,
he,"אגרת כ""א",1,שם מקור,https://archive.kbb1.com/he/sources/08jxPWT0,,,,
he,"אגרת נ""ז",1,שם מקור,https://archive.kbb1.com/he/sources/0KJCqCgi,,,,
he,אגרת ס,1,שם מקור,https://archive.kbb1.com/he/sources/0QygF8Ib,,,,
he,"אגרת נ""ה",1,שם מקור,https://archive.kbb1.com/he/sources/0syWpVDi,,,,
he,"אגרת י""ד",1,שם מקור,https://archive.kbb1.com/he/sources/2iMwTqVt,,,,
he,אגרת ז,1,שם מקור,https://archive.kbb1.com/he/sources/2P1zf2Ck,,,,
he,"אגרת י""ז",1,שם מקור,https://archive.kbb1.com/he/sources/6Hy5vJ1F,,,,
he,"אגרת ל""ז",1,שם מקור,https://archive.kbb1.com/he/sources/6LRiFl7D,,,,
he,אגרת א,1,שם מקור,https://archive.kbb1.com/he/sources/9ZIJ9CkI,,,,
he,אגרת ג,1,שם מקור,https://archive.kbb1.com/he/sources/bbdFZ9R4,,,,
he,"אגרת ל""ו",1,שם מקור,https://archive.kbb1.com/he/sources/bycLz1Rw,,,,
he,אגרת ה,1,שם מקור,https://archive.kbb1.com/he/sources/c0KVcE5u,,,,
he,אגרת י,1,שם מקור,https://archive.kbb1.com/he/sources/cGP0L5XL,,,,
he,"אגרת י""ב",1,שם מקור,https://archive.kbb1.com/he/sources/CIsD1Gie,,,,
he,"אגרת ל""ב",1,שם מקור,https://archive.kbb1.com/he/sources/coFOcACU,,,,
he,"אגרת ט""ו",1,שם מקור,https://archive.kbb1.com/he/sources/dh6LQ9vz,,,,
he,"אגרת נ""ח",1,שם מקור,https://archive.kbb1.com/he/sources/Dpk3cmId,,,,
he,"אגרת י""ט",1,שם מקור,https://archive.kbb1.com/he/sources/e54hQd2m,,,,
he,"אגרת מ""ח",1,שם מקור,https://archive.kbb1.com/he/sources/EBH9O7Bk,,,,
he,"אגרת מ""ה",1,שם מקור,https://archive.kbb1.com/he/sources/emi7jolp,,,,
he,"אגרת נ""ג",1,שם מקור,https://archive.kbb1.com/he/sources/Ew63ydqt,,,,
he,"אגרת כ""ז",1,שם מקור,https://archive.kbb1.com/he/sources/EZcQ8Tvj,,,,
he,"אגרת י""א",1,שם מקור,https://archive.kbb1.com/he/sources/F6PcxQLc,,,,
he,"אגרת מ""ט",1,שם מקור,https://archive.kbb1.com/he/sources/GW2ZAf5C,,,,
he,"אגרת נ""ו",1,שם מקור,https://archive.kbb1.com/he/sources/H6dVORc5,,,,
he,"אגרת נ""א",1,שם מקור,https://archive.kbb1.com/he/sources/hcBy8i3l,,,,
he,"אגרת י""ג",1,שם מקור,https://archive.kbb1.com/he/sources/hJYWFwxg,,,,
he,אגרת כ,1,שם מקור,https://archive.kbb1.com/he/sources/HPW3RLFz,,,,
he,"אגרת ל""ה",1,שם מקור,https://archive.kbb1.com/he/sources/hYFEdxM0,,,,
he,אגרת נ,1,שם מקור,https://archive.kbb1.com/he/sources/ib0w1sqv,,,,
he,"אגרת כ""ה",1,שם מקור,https://archive.kbb1.com/he/sources/IDEq95Pt,,,,
he,אגרת ח,1,שם מקור,https://archive.kbb1.com/he/sources/J0AhqRzu,,,,
he,אגרת ט,1,שם מקור,https://archive.kbb1.com/he/sources/jbyb9WrB,,,,
he,"אגרת כ""ט",1,שם מקור,https://archive.kbb1.com/he/sources/knjuDP7C,,,,
he,"אגרת מ""ב",1,שם מקור,https://archive.kbb1.com/he/sources/KSOhDjL5,,,,
he,"אגרת כ""ח",1,שם מקור,https://archive.kbb1.com/he/sources/KVXLWcMR,,,,
he,"אגרת כ""ד",1,שם מקור,https://archive.kbb1.com/he/sources/kzheQZeE,,,,
he,"אגרת מ""ו",1,שם מקור,https://archive.kbb1.com/he/sources/L6Cj1vk1,,,,
he,"אגרת ל""ד",1,שם מקור,https://archive.kbb1.com/he/sources/lchRFEiU,,,,
he,אגרת מ,1,שם מקור,https://archive.kbb1.com/he/sources/Ldgel5zV,,,,
he,"אגרת ל""א",1,שם מקור,https://archive.kbb1.com/he/sources/lkxUNAGw,,,,
he,"אגרת ל""ג",1,שם מקור,https://archive.kbb1.com/he/sources/lMdfAIaG,,,,
he,"אגרת מ""ד",1,שם מקור,https://archive.kbb1.com/he/sources/MBZFn0AR,,,,
he,אגרת ב,1,שם מקור,https://archive.kbb1.com/he/sources/MRHGjSxc,,,,
he,"אגרת נ""ד",1,שם מקור,https://archive.kbb1.com/he/sources/nzHnNGkx,,,,
he,"אגרת מ""ז",1,שם מקור,https://archive.kbb1.com/he/sources/o4BjSAcN,,,,
he,"אגרת ל""ח",1,שם מקור,https://archive.kbb1.com/he/sources/ocV7prBK,,,,
he,"אגרת ט""ז",1,שם מקור,https://archive.kbb1.com/he/sources/OHNHBjqH,,,,
he,"אגרת כ""ג",1,שם מקור,https://archive.kbb1.com/he/sources/Ok9Xgqdf,,,,
he,"אגרת נ""ט",1,שם מקור,https://archive.kbb1.com/he/sources/oMq3uU8L,,,,
he,"אגרת י""ח",1,שם מקור,https://archive.kbb1.com/he/sources/oOka5YDu,,,,
he,"אגרת נ""ב",1,שם מקור,https://archive.kbb1.com/he/sources/po2GCQfE,,,,
he,אגרת ל,1,שם מקור,https://archive.kbb1.com/he/sources/ptyFffh4,,,,
he,אגרת ו,1,שם מקור,https://archive.kbb1.com/he/sources/rJai9D7X,,,,
he,"אגרת מ""ג",1,שם מקור,https://archive.kbb1.com/he/sources/u0Exuxtx,,,,
he,"אגרת כ""ב",1,שם מקור,https://archive.kbb1.com/he/sources/uos3c9uD,,,,
he,"אגרת כ""ו",1,שם מקור,https://archive.kbb1.com/he/sources/XVEo4wcj,,,,
he,"אגרת ל""ט",1,שם מקור,https://archive.kbb1.com/he/sources/YsBDndDL,,,,
he,אגרת ד,1,שם מקור,https://archive.kbb1.com/he/sources/Z1cEqLUt,,,,
he,"אגרת מ""א",1,שם מקור,https://archive.kbb1.com/he/sources/ZLCc4nyD,,,,
he,הקדמה לספר הזוהר בעל הסולם ,1,שם מקור,https://archive.kbb1.com/he/sources/ALlyoveA,,,,
he,הקדמה לספר פרי חכם בעל הסולם ,1,שם מקור,https://archive.kbb1.com/he/sources/bE9oX3zA,,,,
he,הקדמה לספר פנים מאירות ומסבירות בעל הסולם ,1,שם מקור,https://archive.kbb1.com/he/sources/DrsQS1MO,,,,
he,פתיחה לפירוש הסולם בעל הסולם ,1,שם מקור,https://archive.kbb1.com/he/sources/F4OmLKdG,,,,
he,הקדמה לפתיחה לחכמת הקבלה בעל הסולם ,1,שם מקור,https://archive.kbb1.com/he/sources/h3FdlLJY,,,,
he,פתיחה כוללת בעל הסולם ,1,שם מקור,https://archive.kbb1.com/he/sources/IE2sFFPH,,,,
he,פתיחה לחכמת הקבלה בעל הסולם ,1,שם מקור,https://archive.kbb1.com/he/sources/kB3eD83I,,,,
he,"הקדמה לתע""ס בעל הסולם ",1,שם מקור,https://archive.kbb1.com/he/sources/OqZMFGHu,,,,
he,מבוא לספר הזוהר בעל הסולם ,1,שם מקור,https://archive.kbb1.com/he/sources/tswzgnWk,,,,
he,הגלות והגאולה בעל הסולם ,1,שם מקור,https://archive.kbb1.com/he/sources/0Z2kNkRf,,,,
he,השלום בעל הסולם ,1,שם מקור,https://archive.kbb1.com/he/sources/28Cmp7gl,,,,
he,מתן תורה בעל הסולם ,1,שם מקור,https://archive.kbb1.com/he/sources/2bscFWf4,,,,
he,גילוי טפח וכיסוי טפחיים בעל הסולם ,1,שם מקור,https://archive.kbb1.com/he/sources/2Lla7iBU,,,,
he,נבואתו של בעל הסולם בעל הסולם ,1,שם מקור,https://archive.kbb1.com/he/sources/2TtUVozR,,,,
he,שפחה כי תירש גבירתה בעל הסולם ,1,שם מקור,https://archive.kbb1.com/he/sources/2Ui1zkVO,,,,
he,מאמר החירות בעל הסולם ,1,שם מקור,https://archive.kbb1.com/he/sources/4AtF9tGS,,,,
he,החומר והצורה בחכמת הקבלה בעל הסולם ,1,שם מקור,https://archive.kbb1.com/he/sources/5hgo3hY6,,,,
he,סוד הכף דאנכי בעל הסולם ,1,שם מקור,https://archive.kbb1.com/he/sources/5MwfWLG9,,,,
he,ירושת הארץ בעל הסולם ,1,שם מקור,https://archive.kbb1.com/he/sources/5zNaHw76,,,,
he,"הסתר וגילוי פנים של השי""ת בעל הסולם ",1,שם מקור,https://archive.kbb1.com/he/sources/6K5za3Hd,,,,
he,צדיקים ורשעים בעל הסולם ,1,שם מקור,https://archive.kbb1.com/he/sources/7pFJSNnu,,,,
he,כל המצטער עם הציבור בעל הסולם ,1,שם מקור,https://archive.kbb1.com/he/sources/904O3Q4u,,,,
he,סגולת זכירה בעל הסולם ,1,שם מקור,https://archive.kbb1.com/he/sources/AhwsJadS,,,,
he,גוף ונפש בעל הסולם ,1,שם מקור,https://archive.kbb1.com/he/sources/b7A99JPf,,,,
he,בנין החברה העתידית בעל הסולם ,1,שם מקור,https://archive.kbb1.com/he/sources/CASW48fT,,,,
he,תורת הקבלה ומהותה בעל הסולם ,1,שם מקור,https://archive.kbb1.com/he/sources/CeULdtUD,,,,
he,מהותה של חכמת הקבלה בעל הסולם ,1,שם מקור,https://archive.kbb1.com/he/sources/DdbFBXFd,,,,
he,מבשרי אחזה אלוקי בעל הסולם ,1,שם מקור,https://archive.kbb1.com/he/sources/DmGOtJlx,,,,
he,הפתרון בעל הסולם ,1,שם מקור,https://archive.kbb1.com/he/sources/EBFcdqIV,,,,
he,אהבת ה ואהבת הבריות בעל הסולם ,1,שם מקור,https://archive.kbb1.com/he/sources/eKY6PhmO,,,,
he,שופר של משיח בעל הסולם ,1,שם מקור,https://archive.kbb1.com/he/sources/euK8EscW,,,,
he,אחור וקדם צרתני בעל הסולם ,1,שם מקור,https://archive.kbb1.com/he/sources/ga6rlGG2,,,,
he,השלום בעולם בעל הסולם ,1,שם מקור,https://archive.kbb1.com/he/sources/hqUTKcZz,,,,
he,וזאת ליהודה בעל הסולם ,1,שם מקור,https://archive.kbb1.com/he/sources/ImXxdgf9,,,,
he,הערבות בעל הסולם ,1,שם מקור,https://archive.kbb1.com/he/sources/itcVAcFn,,,,
he,חכמת הקבלה והפילוסופיה בעל הסולם ,1,שם מקור,https://archive.kbb1.com/he/sources/mnkZ8gjP,,,,
he," הסתר וגילוי פנים של השי""ת ב בעל הסולם ",1,שם מקור,https://archive.kbb1.com/he/sources/OaIuUScv,,,,
he,הדור האחרון בעל הסולם ,1,שם מקור,https://archive.kbb1.com/he/sources/oIrPpKn2,,,,
he,תכונתה של חכמת הנסתר בכללה בעל הסולם ,1,שם מקור,https://archive.kbb1.com/he/sources/pBOfaadG,,,,
he,חכמת ישראל בערך חכמת חיצוניים בעל הסולם ,1,שם מקור,https://archive.kbb1.com/he/sources/qcsfyhcb,,,,
he,תולדות חוכמת הקבלה בעל הסולם ,1,שם מקור,https://archive.kbb1.com/he/sources/qEIUUafR,,,,
he,ששים ריבוא נשמות בעל הסולם ,1,שם מקור,https://archive.kbb1.com/he/sources/R1vjNKZU,,,,
he,שכל הפועל בעל הסולם ,1,שם מקור,https://archive.kbb1.com/he/sources/R4dCCqrK,,,,
he,מהות הדת ומטרתה בעל הסולם ,1,שם מקור,https://archive.kbb1.com/he/sources/SObSZgT9,,,,
he,מצוה אחת בעל הסולם ,1,שם מקור,https://archive.kbb1.com/he/sources/vGdAkoI5,,,,
he,ד עולמות בעל הסולם ,1,שם מקור,https://archive.kbb1.com/he/sources/VvUkgQDO,,,,
he,מאמר לסיום הזהר בעל הסולם ,1,שם מקור,https://archive.kbb1.com/he/sources/VyDjtKiN,,,,
he,עת לעשות בעל הסולם ,1,שם מקור,https://archive.kbb1.com/he/sources/ww9syE82,,,,
he,סוד העיבור בעל הסולם ,1,שם מקור,https://archive.kbb1.com/he/sources/ZD0zSUIr,,,,
he,"עיתון ""האמה"" בעל הסולם ",1,שם מקור,https://archive.kbb1.com/he/sources/Zo6BQz8E,,,,
he,הקדמה לספר הזוהר,1,שם מקור,https://archive.kbb1.com/he/sources/ALlyoveA,,,,
he,הקדמה לספר פרי חכם,1,שם מקור,https://archive.kbb1.com/he/sources/bE9oX3zA,,,,
he,הקדמה לספר פנים מאירות ומסבירות,1,שם מקור,https://archive.kbb1.com/he/sources/DrsQS1MO,,,,
he,פתיחה לפירוש הסולם,1,שם מקור,https://archive.kbb1.com/he/sources/F4OmLKdG,,,,
he,הקדמה לפתיחה לחכמת הקבלה,1,שם מקור,https://archive.kbb1.com/he/sources/h3FdlLJY,,,,
he,פתיחה כוללת,1,שם מקור,https://archive.kbb1.com/he/sources/IE2sFFPH,,,,
he,פתיחה לחכמת הקבלה,1,שם מקור,https://archive.kbb1.com/he/sources/kB3eD83I,,,,
he,"הקדמה לתע""ס",1,שם מקור,https://archive.kbb1.com/he/sources/OqZMFGHu,,,,
he,מבוא לספר הזוהר,1,שם מקור,https://archive.kbb1.com/he/sources/tswzgnWk,,,,
he,הגלות והגאולה,1,שם מקור,https://archive.kbb1.com/he/sources/0Z2kNkRf,,,,
he,השלום,1,שם מקור,https://archive.kbb1.com/he/sources/28Cmp7gl,,,,
he,מתן תורה,1,שם מקור,https://archive.kbb1.com/he/sources/2bscFWf4,,,,
he,גילוי טפח וכיסוי טפחיים,1,שם מקור,https://archive.kbb1.com/he/sources/2Lla7iBU,,,,
he,נבואתו של בעל הסולם,1,שם מקור,https://archive.kbb1.com/he/sources/2TtUVozR,,,,
he,שפחה כי תירש גבירתה,1,שם מקור,https://archive.kbb1.com/he/sources/2Ui1zkVO,,,,
he,מאמר החירות,1,שם מקור,https://archive.kbb1.com/he/sources/4AtF9tGS,,,,
he,החומר והצורה בחכמת הקבלה,1,שם מקור,https://archive.kbb1.com/he/sources/5hgo3hY6,,,,
he,סוד הכף דאנכי,1,שם מקור,https://archive.kbb1.com/he/sources/5MwfWLG9,,,,
he,ירושת הארץ,1,שם מקור,https://archive.kbb1.com/he/sources/5zNaHw76,,,,
he,"הסתר וגילוי פנים של השי""ת",1,שם מקור,https://archive.kbb1.com/he/sources/6K5za3Hd,,,,
he,צדיקים ורשעים,1,שם מקור,https://archive.kbb1.com/he/sources/7pFJSNnu,,,,
he,כל המצטער עם הציבור,1,שם מקור,https://archive.kbb1.com/he/sources/904O3Q4u,,,,
he,סגולת זכירה,1,שם מקור,https://archive.kbb1.com/he/sources/AhwsJadS,,,,
he,גוף ונפש,1,שם מקור,https://archive.kbb1.com/he/sources/b7A99JPf,,,,
he,בנין החברה העתידית,1,שם מקור,https://archive.kbb1.com/he/sources/CASW48fT,,,,
he,תורת הקבלה ומהותה,1,שם מקור,https://archive.kbb1.com/he/sources/CeULdtUD,,,,
he,מהותה של חכמת הקבלה,1,שם מקור,https://archive.kbb1.com/he/sources/DdbFBXFd,,,,
he,מבשרי אחזה אלוקי,1,שם מקור,https://archive.kbb1.com/he/sources/DmGOtJlx,,,,
he,הפתרון,1,שם מקור,https://archive.kbb1.com/he/sources/EBFcdqIV,,,,
he,אהבת ה ואהבת הבריות,1,שם מקור,https://archive.kbb1.com/he/sources/eKY6PhmO,,,,
he,שופר של משיח,1,שם מקור,https://archive.kbb1.com/he/sources/euK8EscW,,,,
he,אחור וקדם צרתני,1,שם מקור,https://archive.kbb1.com/he/sources/ga6rlGG2,,,,
he,השלום בעולם,1,שם מקור,https://archive.kbb1.com/he/sources/hqUTKcZz,,,,
he,וזאת ליהודה,1,שם מקור,https://archive.kbb1.com/he/sources/ImXxdgf9,,,,
he,הערבות,1,שם מקור,https://archive.kbb1.com/he/sources/itcVAcFn,,,,
he,חכמת הקבלה והפילוסופיה,1,שם מקור,https://archive.kbb1.com/he/sources/mnkZ8gjP,,,,
he," הסתר וגילוי פנים של השי""ת ב",1,שם מקור,https://archive.kbb1.com/he/sources/OaIuUScv,,,,
he,הדור האחרון,1,שם מקור,https://archive.kbb1.com/he/sources/oIrPpKn2,,,,
he,תכונתה של חכמת הנסתר בכללה,1,שם מקור,https://archive.kbb1.com/he/sources/pBOfaadG,,,,
he,חכמת ישראל בערך חכמת חיצוניים,1,שם מקור,https://archive.kbb1.com/he/sources/qcsfyhcb,,,,
he,תולדות חוכמת הקבלה,1,שם מקור,https://archive.kbb1.com/he/sources/qEIUUafR,,,,
he,ששים ריבוא נשמות,1,שם מקור,https://archive.kbb1.com/he/sources/R1vjNKZU,,,,
he,שכל הפועל,1,שם מקור,https://archive.kbb1.com/he/sources/R4dCCqrK,,,,
he,מהות הדת ומטרתה,1,שם מקור,https://archive.kbb1.com/he/sources/SObSZgT9,,,,
he,מצוה אחת,1,שם מקור,https://archive.kbb1.com/he/sources/vGdAkoI5,,,,
he,ד עולמות,1,שם מקור,https://archive.kbb1.com/he/sources/VvUkgQDO,,,,
he,מאמר לסיום הזהר,1,שם מקור,https://archive.kbb1.com/he/sources/VyDjtKiN,,,,
he,עת לעשות,1,שם מקור,https://archive.kbb1.com/he/sources/ww9syE82,,,,
he,סוד העיבור,1,שם מקור,https://archive.kbb1.com/he/sources/ZD0zSUIr,,,,
he,"עיתון ""האמה""",1,שם מקור,https://archive.kbb1.com/he/sources/Zo6BQz8E,,,,